-- MySQL dump 10.13  Distrib 8.0.32, for Linux (x86_64)
--
-- Host: localhost    Database: studentMaster
-- ------------------------------------------------------
-- Server version	8.0.36-0ubuntu0.20.04.1

/*!40101 SET @OLD_CHARACTER_SET_CLIENT=@@CHARACTER_SET_CLIENT */;
/*!40101 SET @OLD_CHARACTER_SET_RESULTS=@@CHARACTER_SET_RESULTS */;
/*!40101 SET @OLD_COLLATION_CONNECTION=@@COLLATION_CONNECTION */;
/*!50503 SET NAMES utf8 */;
/*!40103 SET @OLD_TIME_ZONE=@@TIME_ZONE */;
/*!40103 SET TIME_ZONE='+00:00' */;
/*!40014 SET @OLD_UNIQUE_CHECKS=@@UNIQUE_CHECKS, UNIQUE_CHECKS=0 */;
/*!40014 SET @OLD_FOREIGN_KEY_CHECKS=@@FOREIGN_KEY_CHECKS, FOREIGN_KEY_CHECKS=0 */;
/*!40101 SET @OLD_SQL_MODE=@@SQL_MODE, SQL_MODE='NO_AUTO_VALUE_ON_ZERO' */;
/*!40111 SET @OLD_SQL_NOTES=@@SQL_NOTES, SQL_NOTES=0 */;

--
-- Table structure for table `attendence_master`
--

DROP TABLE IF EXISTS `attendence_master`;
/*!40101 SET @saved_cs_client     = @@character_set_client */;
/*!50503 SET character_set_client = utf8mb4 */;
CREATE TABLE `attendence_master` (
  `atId` int NOT NULL AUTO_INCREMENT,
  `sid` int NOT NULL,
  `day` date NOT NULL,
  `attend` char(1) NOT NULL,
  PRIMARY KEY (`atId`),
  KEY `sid` (`sid`),
  CONSTRAINT `attendence_master_ibfk_1` FOREIGN KEY (`sid`) REFERENCES `student_master` (`sid`),
  CONSTRAINT `attendence_master_chk_1` CHECK ((`attend` in (0,1)))
) ENGINE=InnoDB AUTO_INCREMENT=3001 DEFAULT CHARSET=utf8mb4 COLLATE=utf8mb4_0900_ai_ci;
/*!40101 SET character_set_client = @saved_cs_client */;

--
-- Dumping data for table `attendence_master`
--

LOCK TABLES `attendence_master` WRITE;
/*!40000 ALTER TABLE `attendence_master` DISABLE KEYS */;
INSERT INTO `attendence_master` VALUES (1,1,'2024-01-01','1'),(2,2,'2024-01-01','1'),(3,3,'2024-01-01','1'),(4,4,'2024-01-01','1'),(5,5,'2024-01-01','1'),(6,6,'2024-01-01','1'),(7,7,'2024-01-01','0'),(8,8,'2024-01-01','0'),(9,9,'2024-01-01','0'),(10,10,'2024-01-01','1'),(11,11,'2024-01-01','1'),(12,12,'2024-01-01','1'),(13,13,'2024-01-01','1'),(14,14,'2024-01-01','1'),(15,15,'2024-01-01','1'),(16,16,'2024-01-01','1'),(17,17,'2024-01-01','1'),(18,18,'2024-01-01','0'),(19,19,'2024-01-01','0'),(20,20,'2024-01-01','0'),(21,21,'2024-01-01','0'),(22,22,'2024-01-01','0'),(23,23,'2024-01-01','0'),(24,24,'2024-01-01','0'),(25,25,'2024-01-01','0'),(26,26,'2024-01-01','1'),(27,27,'2024-01-01','1'),(28,28,'2024-01-01','0'),(29,29,'2024-01-01','0'),(30,30,'2024-01-01','1'),(31,31,'2024-01-01','1'),(32,32,'2024-01-01','1'),(33,33,'2024-01-01','1'),(34,34,'2024-01-01','1'),(35,35,'2024-01-01','1'),(36,36,'2024-01-01','1'),(37,37,'2024-01-01','1'),(38,38,'2024-01-01','0'),(39,39,'2024-01-01','0'),(40,40,'2024-01-01','0'),(41,41,'2024-01-01','0'),(42,42,'2024-01-01','0'),(43,43,'2024-01-01','0'),(44,44,'2024-01-01','0'),(45,45,'2024-01-01','0'),(46,46,'2024-01-01','0'),(47,47,'2024-01-01','0'),(48,48,'2024-01-01','0'),(49,49,'2024-01-01','0'),(50,50,'2024-01-01','0'),(51,51,'2024-01-01','1'),(52,52,'2024-01-01','1'),(53,53,'2024-01-01','1'),(54,54,'2024-01-01','1'),(55,55,'2024-01-01','1'),(56,56,'2024-01-01','1'),(57,57,'2024-01-01','1'),(58,58,'2024-01-01','0'),(59,59,'2024-01-01','0'),(60,60,'2024-01-01','0'),(61,61,'2024-01-01','0'),(62,62,'2024-01-01','0'),(63,63,'2024-01-01','0'),(64,64,'2024-01-01','0'),(65,65,'2024-01-01','0'),(66,66,'2024-01-01','1'),(67,67,'2024-01-01','1'),(68,68,'2024-01-01','1'),(69,69,'2024-01-01','1'),(70,70,'2024-01-01','1'),(71,71,'2024-01-01','0'),(72,72,'2024-01-01','0'),(73,73,'2024-01-01','0'),(74,74,'2024-01-01','0'),(75,75,'2024-01-01','0'),(76,76,'2024-01-01','0'),(77,77,'2024-01-01','0'),(78,78,'2024-01-01','0'),(79,79,'2024-01-01','0'),(80,80,'2024-01-01','0'),(81,81,'2024-01-01','0'),(82,82,'2024-01-01','0'),(83,83,'2024-01-01','1'),(84,84,'2024-01-01','1'),(85,85,'2024-01-01','1'),(86,86,'2024-01-01','0'),(87,87,'2024-01-01','1'),(88,88,'2024-01-01','1'),(89,89,'2024-01-01','1'),(90,90,'2024-01-01','0'),(91,91,'2024-01-01','0'),(92,92,'2024-01-01','0'),(93,93,'2024-01-01','1'),(94,94,'2024-01-01','1'),(95,95,'2024-01-01','1'),(96,96,'2024-01-01','0'),(97,97,'2024-01-01','0'),(98,98,'2024-01-01','0'),(99,99,'2024-01-01','0'),(100,100,'2024-01-01','0'),(101,1,'2024-01-02','0'),(102,2,'2024-01-02','0'),(103,3,'2024-01-02','0'),(104,4,'2024-01-02','0'),(105,5,'2024-01-02','0'),(106,6,'2024-01-02','1'),(107,7,'2024-01-02','1'),(108,8,'2024-01-02','1'),(109,9,'2024-01-02','1'),(110,10,'2024-01-02','0'),(111,11,'2024-01-02','0'),(112,12,'2024-01-02','0'),(113,13,'2024-01-02','0'),(114,14,'2024-01-02','0'),(115,15,'2024-01-02','0'),(116,16,'2024-01-02','0'),(117,17,'2024-01-02','0'),(118,18,'2024-01-02','1'),(119,19,'2024-01-02','1'),(120,20,'2024-01-02','1'),(121,21,'2024-01-02','1'),(122,22,'2024-01-02','1'),(123,23,'2024-01-02','1'),(124,24,'2024-01-02','1'),(125,25,'2024-01-02','1'),(126,26,'2024-01-02','0'),(127,27,'2024-01-02','0'),(128,28,'2024-01-02','1'),(129,29,'2024-01-02','1'),(130,30,'2024-01-02','0'),(131,31,'2024-01-02','0'),(132,32,'2024-01-02','0'),(133,33,'2024-01-02','0'),(134,34,'2024-01-02','0'),(135,35,'2024-01-02','0'),(136,36,'2024-01-02','0'),(137,37,'2024-01-02','0'),(138,38,'2024-01-02','1'),(139,39,'2024-01-02','1'),(140,40,'2024-01-02','1'),(141,41,'2024-01-02','1'),(142,42,'2024-01-02','1'),(143,43,'2024-01-02','1'),(144,44,'2024-01-02','1'),(145,45,'2024-01-02','1'),(146,46,'2024-01-02','1'),(147,47,'2024-01-02','1'),(148,48,'2024-01-02','1'),(149,49,'2024-01-02','1'),(150,50,'2024-01-02','1'),(151,51,'2024-01-02','0'),(152,52,'2024-01-02','0'),(153,53,'2024-01-02','0'),(154,54,'2024-01-02','0'),(155,55,'2024-01-02','0'),(156,56,'2024-01-02','0'),(157,57,'2024-01-02','0'),(158,58,'2024-01-02','1'),(159,59,'2024-01-02','1'),(160,60,'2024-01-02','1'),(161,61,'2024-01-02','1'),(162,62,'2024-01-02','1'),(163,63,'2024-01-02','1'),(164,64,'2024-01-02','1'),(165,65,'2024-01-02','1'),(166,66,'2024-01-02','0'),(167,67,'2024-01-02','0'),(168,68,'2024-01-02','0'),(169,69,'2024-01-02','0'),(170,70,'2024-01-02','0'),(171,71,'2024-01-02','1'),(172,72,'2024-01-02','1'),(173,73,'2024-01-02','1'),(174,74,'2024-01-02','1'),(175,75,'2024-01-02','1'),(176,76,'2024-01-02','1'),(177,77,'2024-01-02','1'),(178,78,'2024-01-02','1'),(179,79,'2024-01-02','1'),(180,80,'2024-01-02','1'),(181,81,'2024-01-02','1'),(182,82,'2024-01-02','1'),(183,83,'2024-01-02','0'),(184,84,'2024-01-02','0'),(185,85,'2024-01-02','0'),(186,86,'2024-01-02','1'),(187,87,'2024-01-02','0'),(188,88,'2024-01-02','0'),(189,89,'2024-01-02','0'),(190,90,'2024-01-02','1'),(191,91,'2024-01-02','1'),(192,92,'2024-01-02','1'),(193,93,'2024-01-02','0'),(194,94,'2024-01-02','0'),(195,95,'2024-01-02','0'),(196,96,'2024-01-02','1'),(197,97,'2024-01-02','1'),(198,98,'2024-01-02','1'),(199,99,'2024-01-02','1'),(200,100,'2024-01-02','1'),(201,1,'2024-01-03','0'),(202,2,'2024-01-03','0'),(203,3,'2024-01-03','0'),(204,4,'2024-01-03','0'),(205,5,'2024-01-03','0'),(206,6,'2024-01-03','1'),(207,7,'2024-01-03','1'),(208,8,'2024-01-03','1'),(209,9,'2024-01-03','1'),(210,10,'2024-01-03','0'),(211,11,'2024-01-03','0'),(212,12,'2024-01-03','0'),(213,13,'2024-01-03','0'),(214,14,'2024-01-03','0'),(215,15,'2024-01-03','0'),(216,16,'2024-01-03','0'),(217,17,'2024-01-03','0'),(218,18,'2024-01-03','1'),(219,19,'2024-01-03','1'),(220,20,'2024-01-03','1'),(221,21,'2024-01-03','1'),(222,22,'2024-01-03','1'),(223,23,'2024-01-03','1'),(224,24,'2024-01-03','1'),(225,25,'2024-01-03','1'),(226,26,'2024-01-03','0'),(227,27,'2024-01-03','0'),(228,28,'2024-01-03','1'),(229,29,'2024-01-03','1'),(230,30,'2024-01-03','0'),(231,31,'2024-01-03','0'),(232,32,'2024-01-03','0'),(233,33,'2024-01-03','0'),(234,34,'2024-01-03','0'),(235,35,'2024-01-03','0'),(236,36,'2024-01-03','0'),(237,37,'2024-01-03','0'),(238,38,'2024-01-03','1'),(239,39,'2024-01-03','1'),(240,40,'2024-01-03','1'),(241,41,'2024-01-03','1'),(242,42,'2024-01-03','1'),(243,43,'2024-01-03','1'),(244,44,'2024-01-03','1'),(245,45,'2024-01-03','1'),(246,46,'2024-01-03','1'),(247,47,'2024-01-03','1'),(248,48,'2024-01-03','1'),(249,49,'2024-01-03','1'),(250,50,'2024-01-03','1'),(251,51,'2024-01-03','0'),(252,52,'2024-01-03','0'),(253,53,'2024-01-03','0'),(254,54,'2024-01-03','0'),(255,55,'2024-01-03','0'),(256,56,'2024-01-03','0'),(257,57,'2024-01-03','0'),(258,58,'2024-01-03','1'),(259,59,'2024-01-03','1'),(260,60,'2024-01-03','1'),(261,61,'2024-01-03','1'),(262,62,'2024-01-03','1'),(263,63,'2024-01-03','1'),(264,64,'2024-01-03','1'),(265,65,'2024-01-03','1'),(266,66,'2024-01-03','0'),(267,67,'2024-01-03','0'),(268,68,'2024-01-03','0'),(269,69,'2024-01-03','0'),(270,70,'2024-01-03','0'),(271,71,'2024-01-03','1'),(272,72,'2024-01-03','1'),(273,73,'2024-01-03','1'),(274,74,'2024-01-03','1'),(275,75,'2024-01-03','1'),(276,76,'2024-01-03','1'),(277,77,'2024-01-03','1'),(278,78,'2024-01-03','1'),(279,79,'2024-01-03','1'),(280,80,'2024-01-03','1'),(281,81,'2024-01-03','1'),(282,82,'2024-01-03','1'),(283,83,'2024-01-03','0'),(284,84,'2024-01-03','0'),(285,85,'2024-01-03','0'),(286,86,'2024-01-03','1'),(287,87,'2024-01-03','0'),(288,88,'2024-01-03','0'),(289,89,'2024-01-03','0'),(290,90,'2024-01-03','1'),(291,91,'2024-01-03','1'),(292,92,'2024-01-03','1'),(293,93,'2024-01-03','0'),(294,94,'2024-01-03','0'),(295,95,'2024-01-03','0'),(296,96,'2024-01-03','1'),(297,97,'2024-01-03','1'),(298,98,'2024-01-03','1'),(299,99,'2024-01-03','1'),(300,100,'2024-01-03','1'),(301,1,'2024-01-04','1'),(302,2,'2024-01-04','1'),(303,3,'2024-01-04','1'),(304,4,'2024-01-04','1'),(305,5,'2024-01-04','1'),(306,6,'2024-01-04','0'),(307,7,'2024-01-04','0'),(308,8,'2024-01-04','0'),(309,9,'2024-01-04','0'),(310,10,'2024-01-04','1'),(311,11,'2024-01-04','1'),(312,12,'2024-01-04','1'),(313,13,'2024-01-04','1'),(314,14,'2024-01-04','1'),(315,15,'2024-01-04','1'),(316,16,'2024-01-04','1'),(317,17,'2024-01-04','1'),(318,18,'2024-01-04','0'),(319,19,'2024-01-04','0'),(320,20,'2024-01-04','0'),(321,21,'2024-01-04','0'),(322,22,'2024-01-04','0'),(323,23,'2024-01-04','0'),(324,24,'2024-01-04','0'),(325,25,'2024-01-04','0'),(326,26,'2024-01-04','1'),(327,27,'2024-01-04','1'),(328,28,'2024-01-04','0'),(329,29,'2024-01-04','0'),(330,30,'2024-01-04','1'),(331,31,'2024-01-04','1'),(332,32,'2024-01-04','1'),(333,33,'2024-01-04','1'),(334,34,'2024-01-04','1'),(335,35,'2024-01-04','1'),(336,36,'2024-01-04','1'),(337,37,'2024-01-04','1'),(338,38,'2024-01-04','0'),(339,39,'2024-01-04','0'),(340,40,'2024-01-04','0'),(341,41,'2024-01-04','0'),(342,42,'2024-01-04','0'),(343,43,'2024-01-04','0'),(344,44,'2024-01-04','0'),(345,45,'2024-01-04','0'),(346,46,'2024-01-04','0'),(347,47,'2024-01-04','0'),(348,48,'2024-01-04','0'),(349,49,'2024-01-04','0'),(350,50,'2024-01-04','0'),(351,51,'2024-01-04','1'),(352,52,'2024-01-04','1'),(353,53,'2024-01-04','1'),(354,54,'2024-01-04','1'),(355,55,'2024-01-04','1'),(356,56,'2024-01-04','1'),(357,57,'2024-01-04','1'),(358,58,'2024-01-04','0'),(359,59,'2024-01-04','0'),(360,60,'2024-01-04','0'),(361,61,'2024-01-04','0'),(362,62,'2024-01-04','0'),(363,63,'2024-01-04','0'),(364,64,'2024-01-04','0'),(365,65,'2024-01-04','0'),(366,66,'2024-01-04','1'),(367,67,'2024-01-04','1'),(368,68,'2024-01-04','1'),(369,69,'2024-01-04','1'),(370,70,'2024-01-04','1'),(371,71,'2024-01-04','0'),(372,72,'2024-01-04','0'),(373,73,'2024-01-04','0'),(374,74,'2024-01-04','0'),(375,75,'2024-01-04','0'),(376,76,'2024-01-04','0'),(377,77,'2024-01-04','0'),(378,78,'2024-01-04','0'),(379,79,'2024-01-04','0'),(380,80,'2024-01-04','0'),(381,81,'2024-01-04','0'),(382,82,'2024-01-04','0'),(383,83,'2024-01-04','1'),(384,84,'2024-01-04','1'),(385,85,'2024-01-04','1'),(386,86,'2024-01-04','0'),(387,87,'2024-01-04','1'),(388,88,'2024-01-04','1'),(389,89,'2024-01-04','1'),(390,90,'2024-01-04','0'),(391,91,'2024-01-04','0'),(392,92,'2024-01-04','0'),(393,93,'2024-01-04','1'),(394,94,'2024-01-04','1'),(395,95,'2024-01-04','1'),(396,96,'2024-01-04','0'),(397,97,'2024-01-04','0'),(398,98,'2024-01-04','0'),(399,99,'2024-01-04','0'),(400,100,'2024-01-04','0'),(401,1,'2024-01-05','1'),(402,2,'2024-01-05','1'),(403,3,'2024-01-05','1'),(404,4,'2024-01-05','1'),(405,5,'2024-01-05','1'),(406,6,'2024-01-05','0'),(407,7,'2024-01-05','0'),(408,8,'2024-01-05','0'),(409,9,'2024-01-05','0'),(410,10,'2024-01-05','1'),(411,11,'2024-01-05','1'),(412,12,'2024-01-05','1'),(413,13,'2024-01-05','1'),(414,14,'2024-01-05','1'),(415,15,'2024-01-05','1'),(416,16,'2024-01-05','1'),(417,17,'2024-01-05','1'),(418,18,'2024-01-05','0'),(419,19,'2024-01-05','0'),(420,20,'2024-01-05','0'),(421,21,'2024-01-05','0'),(422,22,'2024-01-05','0'),(423,23,'2024-01-05','0'),(424,24,'2024-01-05','0'),(425,25,'2024-01-05','0'),(426,26,'2024-01-05','1'),(427,27,'2024-01-05','1'),(428,28,'2024-01-05','0'),(429,29,'2024-01-05','0'),(430,30,'2024-01-05','1'),(431,31,'2024-01-05','1'),(432,32,'2024-01-05','1'),(433,33,'2024-01-05','1'),(434,34,'2024-01-05','1'),(435,35,'2024-01-05','1'),(436,36,'2024-01-05','1'),(437,37,'2024-01-05','1'),(438,38,'2024-01-05','0'),(439,39,'2024-01-05','0'),(440,40,'2024-01-05','0'),(441,41,'2024-01-05','0'),(442,42,'2024-01-05','0'),(443,43,'2024-01-05','0'),(444,44,'2024-01-05','0'),(445,45,'2024-01-05','0'),(446,46,'2024-01-05','0'),(447,47,'2024-01-05','0'),(448,48,'2024-01-05','0'),(449,49,'2024-01-05','0'),(450,50,'2024-01-05','0'),(451,51,'2024-01-05','1'),(452,52,'2024-01-05','1'),(453,53,'2024-01-05','1'),(454,54,'2024-01-05','1'),(455,55,'2024-01-05','1'),(456,56,'2024-01-05','1'),(457,57,'2024-01-05','1'),(458,58,'2024-01-05','0'),(459,59,'2024-01-05','0'),(460,60,'2024-01-05','0'),(461,61,'2024-01-05','0'),(462,62,'2024-01-05','0'),(463,63,'2024-01-05','0'),(464,64,'2024-01-05','0'),(465,65,'2024-01-05','0'),(466,66,'2024-01-05','1'),(467,67,'2024-01-05','1'),(468,68,'2024-01-05','1'),(469,69,'2024-01-05','1'),(470,70,'2024-01-05','1'),(471,71,'2024-01-05','0'),(472,72,'2024-01-05','0'),(473,73,'2024-01-05','0'),(474,74,'2024-01-05','0'),(475,75,'2024-01-05','0'),(476,76,'2024-01-05','0'),(477,77,'2024-01-05','0'),(478,78,'2024-01-05','0'),(479,79,'2024-01-05','0'),(480,80,'2024-01-05','0'),(481,81,'2024-01-05','0'),(482,82,'2024-01-05','0'),(483,83,'2024-01-05','1'),(484,84,'2024-01-05','1'),(485,85,'2024-01-05','1'),(486,86,'2024-01-05','0'),(487,87,'2024-01-05','1'),(488,88,'2024-01-05','1'),(489,89,'2024-01-05','1'),(490,90,'2024-01-05','0'),(491,91,'2024-01-05','0'),(492,92,'2024-01-05','0'),(493,93,'2024-01-05','1'),(494,94,'2024-01-05','1'),(495,95,'2024-01-05','1'),(496,96,'2024-01-05','0'),(497,97,'2024-01-05','0'),(498,98,'2024-01-05','0'),(499,99,'2024-01-05','0'),(500,100,'2024-01-05','0'),(501,1,'2024-01-06','1'),(502,2,'2024-01-06','1'),(503,3,'2024-01-06','1'),(504,4,'2024-01-06','1'),(505,5,'2024-01-06','1'),(506,6,'2024-01-06','0'),(507,7,'2024-01-06','0'),(508,8,'2024-01-06','0'),(509,9,'2024-01-06','0'),(510,10,'2024-01-06','1'),(511,11,'2024-01-06','1'),(512,12,'2024-01-06','1'),(513,13,'2024-01-06','1'),(514,14,'2024-01-06','1'),(515,15,'2024-01-06','1'),(516,16,'2024-01-06','1'),(517,17,'2024-01-06','1'),(518,18,'2024-01-06','0'),(519,19,'2024-01-06','0'),(520,20,'2024-01-06','0'),(521,21,'2024-01-06','0'),(522,22,'2024-01-06','0'),(523,23,'2024-01-06','0'),(524,24,'2024-01-06','0'),(525,25,'2024-01-06','0'),(526,26,'2024-01-06','1'),(527,27,'2024-01-06','1'),(528,28,'2024-01-06','0'),(529,29,'2024-01-06','0'),(530,30,'2024-01-06','1'),(531,31,'2024-01-06','1'),(532,32,'2024-01-06','1'),(533,33,'2024-01-06','1'),(534,34,'2024-01-06','1'),(535,35,'2024-01-06','1'),(536,36,'2024-01-06','1'),(537,37,'2024-01-06','1'),(538,38,'2024-01-06','0'),(539,39,'2024-01-06','0'),(540,40,'2024-01-06','0'),(541,41,'2024-01-06','0'),(542,42,'2024-01-06','0'),(543,43,'2024-01-06','0'),(544,44,'2024-01-06','0'),(545,45,'2024-01-06','0'),(546,46,'2024-01-06','0'),(547,47,'2024-01-06','0'),(548,48,'2024-01-06','0'),(549,49,'2024-01-06','0'),(550,50,'2024-01-06','0'),(551,51,'2024-01-06','1'),(552,52,'2024-01-06','1'),(553,53,'2024-01-06','1'),(554,54,'2024-01-06','1'),(555,55,'2024-01-06','1'),(556,56,'2024-01-06','1'),(557,57,'2024-01-06','1'),(558,58,'2024-01-06','0'),(559,59,'2024-01-06','0'),(560,60,'2024-01-06','0'),(561,61,'2024-01-06','0'),(562,62,'2024-01-06','0'),(563,63,'2024-01-06','0'),(564,64,'2024-01-06','0'),(565,65,'2024-01-06','0'),(566,66,'2024-01-06','1'),(567,67,'2024-01-06','1'),(568,68,'2024-01-06','1'),(569,69,'2024-01-06','1'),(570,70,'2024-01-06','1'),(571,71,'2024-01-06','0'),(572,72,'2024-01-06','0'),(573,73,'2024-01-06','0'),(574,74,'2024-01-06','0'),(575,75,'2024-01-06','0'),(576,76,'2024-01-06','0'),(577,77,'2024-01-06','0'),(578,78,'2024-01-06','0'),(579,79,'2024-01-06','0'),(580,80,'2024-01-06','0'),(581,81,'2024-01-06','0'),(582,82,'2024-01-06','0'),(583,83,'2024-01-06','1'),(584,84,'2024-01-06','1'),(585,85,'2024-01-06','1'),(586,86,'2024-01-06','0'),(587,87,'2024-01-06','1'),(588,88,'2024-01-06','1'),(589,89,'2024-01-06','1'),(590,90,'2024-01-06','0'),(591,91,'2024-01-06','0'),(592,92,'2024-01-06','0'),(593,93,'2024-01-06','1'),(594,94,'2024-01-06','1'),(595,95,'2024-01-06','1'),(596,96,'2024-01-06','0'),(597,97,'2024-01-06','0'),(598,98,'2024-01-06','0'),(599,99,'2024-01-06','0'),(600,100,'2024-01-06','0'),(601,1,'2024-01-07','1'),(602,2,'2024-01-07','1'),(603,3,'2024-01-07','1'),(604,4,'2024-01-07','1'),(605,5,'2024-01-07','1'),(606,6,'2024-01-07','0'),(607,7,'2024-01-07','0'),(608,8,'2024-01-07','0'),(609,9,'2024-01-07','0'),(610,10,'2024-01-07','1'),(611,11,'2024-01-07','1'),(612,12,'2024-01-07','1'),(613,13,'2024-01-07','1'),(614,14,'2024-01-07','1'),(615,15,'2024-01-07','1'),(616,16,'2024-01-07','1'),(617,17,'2024-01-07','1'),(618,18,'2024-01-07','0'),(619,19,'2024-01-07','0'),(620,20,'2024-01-07','0'),(621,21,'2024-01-07','0'),(622,22,'2024-01-07','0'),(623,23,'2024-01-07','0'),(624,24,'2024-01-07','0'),(625,25,'2024-01-07','0'),(626,26,'2024-01-07','1'),(627,27,'2024-01-07','1'),(628,28,'2024-01-07','0'),(629,29,'2024-01-07','0'),(630,30,'2024-01-07','1'),(631,31,'2024-01-07','1'),(632,32,'2024-01-07','1'),(633,33,'2024-01-07','1'),(634,34,'2024-01-07','1'),(635,35,'2024-01-07','1'),(636,36,'2024-01-07','1'),(637,37,'2024-01-07','1'),(638,38,'2024-01-07','0'),(639,39,'2024-01-07','0'),(640,40,'2024-01-07','0'),(641,41,'2024-01-07','0'),(642,42,'2024-01-07','0'),(643,43,'2024-01-07','0'),(644,44,'2024-01-07','0'),(645,45,'2024-01-07','0'),(646,46,'2024-01-07','0'),(647,47,'2024-01-07','0'),(648,48,'2024-01-07','0'),(649,49,'2024-01-07','0'),(650,50,'2024-01-07','0'),(651,51,'2024-01-07','1'),(652,52,'2024-01-07','1'),(653,53,'2024-01-07','1'),(654,54,'2024-01-07','1'),(655,55,'2024-01-07','1'),(656,56,'2024-01-07','1'),(657,57,'2024-01-07','1'),(658,58,'2024-01-07','0'),(659,59,'2024-01-07','0'),(660,60,'2024-01-07','0'),(661,61,'2024-01-07','0'),(662,62,'2024-01-07','0'),(663,63,'2024-01-07','0'),(664,64,'2024-01-07','0'),(665,65,'2024-01-07','0'),(666,66,'2024-01-07','1'),(667,67,'2024-01-07','1'),(668,68,'2024-01-07','1'),(669,69,'2024-01-07','1'),(670,70,'2024-01-07','1'),(671,71,'2024-01-07','0'),(672,72,'2024-01-07','0'),(673,73,'2024-01-07','0'),(674,74,'2024-01-07','0'),(675,75,'2024-01-07','0'),(676,76,'2024-01-07','0'),(677,77,'2024-01-07','0'),(678,78,'2024-01-07','0'),(679,79,'2024-01-07','0'),(680,80,'2024-01-07','0'),(681,81,'2024-01-07','0'),(682,82,'2024-01-07','0'),(683,83,'2024-01-07','1'),(684,84,'2024-01-07','1'),(685,85,'2024-01-07','1'),(686,86,'2024-01-07','0'),(687,87,'2024-01-07','1'),(688,88,'2024-01-07','1'),(689,89,'2024-01-07','1'),(690,90,'2024-01-07','0'),(691,91,'2024-01-07','0'),(692,92,'2024-01-07','0'),(693,93,'2024-01-07','1'),(694,94,'2024-01-07','1'),(695,95,'2024-01-07','1'),(696,96,'2024-01-07','0'),(697,97,'2024-01-07','0'),(698,98,'2024-01-07','0'),(699,99,'2024-01-07','0'),(700,100,'2024-01-07','0'),(701,1,'2024-01-08','1'),(702,2,'2024-01-08','1'),(703,3,'2024-01-08','1'),(704,4,'2024-01-08','1'),(705,5,'2024-01-08','1'),(706,6,'2024-01-08','0'),(707,7,'2024-01-08','0'),(708,8,'2024-01-08','0'),(709,9,'2024-01-08','0'),(710,10,'2024-01-08','1'),(711,11,'2024-01-08','1'),(712,12,'2024-01-08','1'),(713,13,'2024-01-08','1'),(714,14,'2024-01-08','1'),(715,15,'2024-01-08','1'),(716,16,'2024-01-08','1'),(717,17,'2024-01-08','1'),(718,18,'2024-01-08','0'),(719,19,'2024-01-08','0'),(720,20,'2024-01-08','0'),(721,21,'2024-01-08','0'),(722,22,'2024-01-08','0'),(723,23,'2024-01-08','0'),(724,24,'2024-01-08','0'),(725,25,'2024-01-08','0'),(726,26,'2024-01-08','1'),(727,27,'2024-01-08','1'),(728,28,'2024-01-08','0'),(729,29,'2024-01-08','0'),(730,30,'2024-01-08','1'),(731,31,'2024-01-08','1'),(732,32,'2024-01-08','1'),(733,33,'2024-01-08','1'),(734,34,'2024-01-08','1'),(735,35,'2024-01-08','1'),(736,36,'2024-01-08','1'),(737,37,'2024-01-08','1'),(738,38,'2024-01-08','0'),(739,39,'2024-01-08','0'),(740,40,'2024-01-08','0'),(741,41,'2024-01-08','0'),(742,42,'2024-01-08','0'),(743,43,'2024-01-08','0'),(744,44,'2024-01-08','0'),(745,45,'2024-01-08','0'),(746,46,'2024-01-08','0'),(747,47,'2024-01-08','0'),(748,48,'2024-01-08','0'),(749,49,'2024-01-08','0'),(750,50,'2024-01-08','0'),(751,51,'2024-01-08','1'),(752,52,'2024-01-08','1'),(753,53,'2024-01-08','1'),(754,54,'2024-01-08','1'),(755,55,'2024-01-08','1'),(756,56,'2024-01-08','1'),(757,57,'2024-01-08','1'),(758,58,'2024-01-08','0'),(759,59,'2024-01-08','0'),(760,60,'2024-01-08','0'),(761,61,'2024-01-08','0'),(762,62,'2024-01-08','0'),(763,63,'2024-01-08','0'),(764,64,'2024-01-08','0'),(765,65,'2024-01-08','0'),(766,66,'2024-01-08','1'),(767,67,'2024-01-08','1'),(768,68,'2024-01-08','1'),(769,69,'2024-01-08','1'),(770,70,'2024-01-08','1'),(771,71,'2024-01-08','0'),(772,72,'2024-01-08','0'),(773,73,'2024-01-08','0'),(774,74,'2024-01-08','0'),(775,75,'2024-01-08','0'),(776,76,'2024-01-08','0'),(777,77,'2024-01-08','0'),(778,78,'2024-01-08','0'),(779,79,'2024-01-08','0'),(780,80,'2024-01-08','0'),(781,81,'2024-01-08','0'),(782,82,'2024-01-08','0'),(783,83,'2024-01-08','1'),(784,84,'2024-01-08','1'),(785,85,'2024-01-08','1'),(786,86,'2024-01-08','0'),(787,87,'2024-01-08','1'),(788,88,'2024-01-08','1'),(789,89,'2024-01-08','1'),(790,90,'2024-01-08','0'),(791,91,'2024-01-08','0'),(792,92,'2024-01-08','0'),(793,93,'2024-01-08','1'),(794,94,'2024-01-08','1'),(795,95,'2024-01-08','1'),(796,96,'2024-01-08','0'),(797,97,'2024-01-08','0'),(798,98,'2024-01-08','0'),(799,99,'2024-01-08','0'),(800,100,'2024-01-08','0'),(801,1,'2024-01-09','1'),(802,2,'2024-01-09','1'),(803,3,'2024-01-09','1'),(804,4,'2024-01-09','1'),(805,5,'2024-01-09','1'),(806,6,'2024-01-09','0'),(807,7,'2024-01-09','0'),(808,8,'2024-01-09','0'),(809,9,'2024-01-09','0'),(810,10,'2024-01-09','1'),(811,11,'2024-01-09','1'),(812,12,'2024-01-09','1'),(813,13,'2024-01-09','1'),(814,14,'2024-01-09','1'),(815,15,'2024-01-09','1'),(816,16,'2024-01-09','1'),(817,17,'2024-01-09','1'),(818,18,'2024-01-09','0'),(819,19,'2024-01-09','0'),(820,20,'2024-01-09','0'),(821,21,'2024-01-09','0'),(822,22,'2024-01-09','0'),(823,23,'2024-01-09','0'),(824,24,'2024-01-09','0'),(825,25,'2024-01-09','0'),(826,26,'2024-01-09','1'),(827,27,'2024-01-09','1'),(828,28,'2024-01-09','0'),(829,29,'2024-01-09','0'),(830,30,'2024-01-09','1'),(831,31,'2024-01-09','1'),(832,32,'2024-01-09','1'),(833,33,'2024-01-09','1'),(834,34,'2024-01-09','1'),(835,35,'2024-01-09','1'),(836,36,'2024-01-09','1'),(837,37,'2024-01-09','1'),(838,38,'2024-01-09','0'),(839,39,'2024-01-09','0'),(840,40,'2024-01-09','0'),(841,41,'2024-01-09','0'),(842,42,'2024-01-09','0'),(843,43,'2024-01-09','0'),(844,44,'2024-01-09','0'),(845,45,'2024-01-09','0'),(846,46,'2024-01-09','0'),(847,47,'2024-01-09','0'),(848,48,'2024-01-09','0'),(849,49,'2024-01-09','0'),(850,50,'2024-01-09','0'),(851,51,'2024-01-09','1'),(852,52,'2024-01-09','1'),(853,53,'2024-01-09','1'),(854,54,'2024-01-09','1'),(855,55,'2024-01-09','1'),(856,56,'2024-01-09','1'),(857,57,'2024-01-09','1'),(858,58,'2024-01-09','0'),(859,59,'2024-01-09','0'),(860,60,'2024-01-09','0'),(861,61,'2024-01-09','0'),(862,62,'2024-01-09','0'),(863,63,'2024-01-09','0'),(864,64,'2024-01-09','0'),(865,65,'2024-01-09','0'),(866,66,'2024-01-09','1'),(867,67,'2024-01-09','1'),(868,68,'2024-01-09','1'),(869,69,'2024-01-09','1'),(870,70,'2024-01-09','1'),(871,71,'2024-01-09','0'),(872,72,'2024-01-09','0'),(873,73,'2024-01-09','0'),(874,74,'2024-01-09','0'),(875,75,'2024-01-09','0'),(876,76,'2024-01-09','0'),(877,77,'2024-01-09','0'),(878,78,'2024-01-09','0'),(879,79,'2024-01-09','0'),(880,80,'2024-01-09','0'),(881,81,'2024-01-09','0'),(882,82,'2024-01-09','0'),(883,83,'2024-01-09','1'),(884,84,'2024-01-09','1'),(885,85,'2024-01-09','1'),(886,86,'2024-01-09','0'),(887,87,'2024-01-09','1'),(888,88,'2024-01-09','1'),(889,89,'2024-01-09','1'),(890,90,'2024-01-09','0'),(891,91,'2024-01-09','0'),(892,92,'2024-01-09','0'),(893,93,'2024-01-09','1'),(894,94,'2024-01-09','1'),(895,95,'2024-01-09','1'),(896,96,'2024-01-09','0'),(897,97,'2024-01-09','0'),(898,98,'2024-01-09','0'),(899,99,'2024-01-09','0'),(900,100,'2024-01-09','0'),(901,1,'2024-01-10','1'),(902,2,'2024-01-10','1'),(903,3,'2024-01-10','1'),(904,4,'2024-01-10','1'),(905,5,'2024-01-10','1'),(906,6,'2024-01-10','0'),(907,7,'2024-01-10','0'),(908,8,'2024-01-10','0'),(909,9,'2024-01-10','0'),(910,10,'2024-01-10','1'),(911,11,'2024-01-10','1'),(912,12,'2024-01-10','1'),(913,13,'2024-01-10','1'),(914,14,'2024-01-10','1'),(915,15,'2024-01-10','1'),(916,16,'2024-01-10','1'),(917,17,'2024-01-10','1'),(918,18,'2024-01-10','0'),(919,19,'2024-01-10','0'),(920,20,'2024-01-10','0'),(921,21,'2024-01-10','0'),(922,22,'2024-01-10','0'),(923,23,'2024-01-10','0'),(924,24,'2024-01-10','0'),(925,25,'2024-01-10','0'),(926,26,'2024-01-10','1'),(927,27,'2024-01-10','1'),(928,28,'2024-01-10','0'),(929,29,'2024-01-10','0'),(930,30,'2024-01-10','1'),(931,31,'2024-01-10','1'),(932,32,'2024-01-10','1'),(933,33,'2024-01-10','1'),(934,34,'2024-01-10','1'),(935,35,'2024-01-10','1'),(936,36,'2024-01-10','1'),(937,37,'2024-01-10','1'),(938,38,'2024-01-10','0'),(939,39,'2024-01-10','0'),(940,40,'2024-01-10','0'),(941,41,'2024-01-10','0'),(942,42,'2024-01-10','0'),(943,43,'2024-01-10','0'),(944,44,'2024-01-10','0'),(945,45,'2024-01-10','0'),(946,46,'2024-01-10','0'),(947,47,'2024-01-10','0'),(948,48,'2024-01-10','0'),(949,49,'2024-01-10','0'),(950,50,'2024-01-10','0'),(951,51,'2024-01-10','1'),(952,52,'2024-01-10','1'),(953,53,'2024-01-10','1'),(954,54,'2024-01-10','1'),(955,55,'2024-01-10','1'),(956,56,'2024-01-10','1'),(957,57,'2024-01-10','1'),(958,58,'2024-01-10','0'),(959,59,'2024-01-10','0'),(960,60,'2024-01-10','0'),(961,61,'2024-01-10','0'),(962,62,'2024-01-10','0'),(963,63,'2024-01-10','0'),(964,64,'2024-01-10','0'),(965,65,'2024-01-10','0'),(966,66,'2024-01-10','1'),(967,67,'2024-01-10','1'),(968,68,'2024-01-10','1'),(969,69,'2024-01-10','1'),(970,70,'2024-01-10','1'),(971,71,'2024-01-10','0'),(972,72,'2024-01-10','0'),(973,73,'2024-01-10','0'),(974,74,'2024-01-10','0'),(975,75,'2024-01-10','0'),(976,76,'2024-01-10','0'),(977,77,'2024-01-10','0'),(978,78,'2024-01-10','0'),(979,79,'2024-01-10','0'),(980,80,'2024-01-10','0'),(981,81,'2024-01-10','0'),(982,82,'2024-01-10','0'),(983,83,'2024-01-10','1'),(984,84,'2024-01-10','1'),(985,85,'2024-01-10','1'),(986,86,'2024-01-10','0'),(987,87,'2024-01-10','1'),(988,88,'2024-01-10','1'),(989,89,'2024-01-10','1'),(990,90,'2024-01-10','0'),(991,91,'2024-01-10','0'),(992,92,'2024-01-10','0'),(993,93,'2024-01-10','1'),(994,94,'2024-01-10','1'),(995,95,'2024-01-10','1'),(996,96,'2024-01-10','0'),(997,97,'2024-01-10','0'),(998,98,'2024-01-10','0'),(999,99,'2024-01-10','0'),(1000,100,'2024-01-10','0'),(1001,1,'2024-01-11','0'),(1002,2,'2024-01-11','0'),(1003,3,'2024-01-11','0'),(1004,4,'2024-01-11','0'),(1005,5,'2024-01-11','0'),(1006,6,'2024-01-11','1'),(1007,7,'2024-01-11','1'),(1008,8,'2024-01-11','1'),(1009,9,'2024-01-11','1'),(1010,10,'2024-01-11','0'),(1011,11,'2024-01-11','0'),(1012,12,'2024-01-11','0'),(1013,13,'2024-01-11','0'),(1014,14,'2024-01-11','0'),(1015,15,'2024-01-11','0'),(1016,16,'2024-01-11','0'),(1017,17,'2024-01-11','0'),(1018,18,'2024-01-11','1'),(1019,19,'2024-01-11','1'),(1020,20,'2024-01-11','1'),(1021,21,'2024-01-11','1'),(1022,22,'2024-01-11','1'),(1023,23,'2024-01-11','1'),(1024,24,'2024-01-11','1'),(1025,25,'2024-01-11','1'),(1026,26,'2024-01-11','0'),(1027,27,'2024-01-11','0'),(1028,28,'2024-01-11','1'),(1029,29,'2024-01-11','1'),(1030,30,'2024-01-11','0'),(1031,31,'2024-01-11','0'),(1032,32,'2024-01-11','0'),(1033,33,'2024-01-11','0'),(1034,34,'2024-01-11','0'),(1035,35,'2024-01-11','0'),(1036,36,'2024-01-11','0'),(1037,37,'2024-01-11','0'),(1038,38,'2024-01-11','1'),(1039,39,'2024-01-11','1'),(1040,40,'2024-01-11','1'),(1041,41,'2024-01-11','1'),(1042,42,'2024-01-11','1'),(1043,43,'2024-01-11','1'),(1044,44,'2024-01-11','1'),(1045,45,'2024-01-11','1'),(1046,46,'2024-01-11','1'),(1047,47,'2024-01-11','1'),(1048,48,'2024-01-11','1'),(1049,49,'2024-01-11','1'),(1050,50,'2024-01-11','1'),(1051,51,'2024-01-11','0'),(1052,52,'2024-01-11','0'),(1053,53,'2024-01-11','0'),(1054,54,'2024-01-11','0'),(1055,55,'2024-01-11','0'),(1056,56,'2024-01-11','0'),(1057,57,'2024-01-11','0'),(1058,58,'2024-01-11','1'),(1059,59,'2024-01-11','1'),(1060,60,'2024-01-11','1'),(1061,61,'2024-01-11','1'),(1062,62,'2024-01-11','1'),(1063,63,'2024-01-11','1'),(1064,64,'2024-01-11','1'),(1065,65,'2024-01-11','1'),(1066,66,'2024-01-11','0'),(1067,67,'2024-01-11','0'),(1068,68,'2024-01-11','0'),(1069,69,'2024-01-11','0'),(1070,70,'2024-01-11','0'),(1071,71,'2024-01-11','1'),(1072,72,'2024-01-11','1'),(1073,73,'2024-01-11','1'),(1074,74,'2024-01-11','1'),(1075,75,'2024-01-11','1'),(1076,76,'2024-01-11','1'),(1077,77,'2024-01-11','1'),(1078,78,'2024-01-11','1'),(1079,79,'2024-01-11','1'),(1080,80,'2024-01-11','1'),(1081,81,'2024-01-11','1'),(1082,82,'2024-01-11','1'),(1083,83,'2024-01-11','0'),(1084,84,'2024-01-11','0'),(1085,85,'2024-01-11','0'),(1086,86,'2024-01-11','1'),(1087,87,'2024-01-11','0'),(1088,88,'2024-01-11','0'),(1089,89,'2024-01-11','0'),(1090,90,'2024-01-11','1'),(1091,91,'2024-01-11','1'),(1092,92,'2024-01-11','1'),(1093,93,'2024-01-11','0'),(1094,94,'2024-01-11','0'),(1095,95,'2024-01-11','0'),(1096,96,'2024-01-11','1'),(1097,97,'2024-01-11','1'),(1098,98,'2024-01-11','1'),(1099,99,'2024-01-11','1'),(1100,100,'2024-01-11','1'),(1101,1,'2024-01-12','0'),(1102,2,'2024-01-12','0'),(1103,3,'2024-01-12','0'),(1104,4,'2024-01-12','0'),(1105,5,'2024-01-12','0'),(1106,6,'2024-01-12','1'),(1107,7,'2024-01-12','1'),(1108,8,'2024-01-12','1'),(1109,9,'2024-01-12','1'),(1110,10,'2024-01-12','0'),(1111,11,'2024-01-12','0'),(1112,12,'2024-01-12','0'),(1113,13,'2024-01-12','0'),(1114,14,'2024-01-12','0'),(1115,15,'2024-01-12','0'),(1116,16,'2024-01-12','0'),(1117,17,'2024-01-12','0'),(1118,18,'2024-01-12','1'),(1119,19,'2024-01-12','1'),(1120,20,'2024-01-12','1'),(1121,21,'2024-01-12','1'),(1122,22,'2024-01-12','1'),(1123,23,'2024-01-12','1'),(1124,24,'2024-01-12','1'),(1125,25,'2024-01-12','1'),(1126,26,'2024-01-12','0'),(1127,27,'2024-01-12','0'),(1128,28,'2024-01-12','1'),(1129,29,'2024-01-12','1'),(1130,30,'2024-01-12','0'),(1131,31,'2024-01-12','0'),(1132,32,'2024-01-12','0'),(1133,33,'2024-01-12','0'),(1134,34,'2024-01-12','0'),(1135,35,'2024-01-12','0'),(1136,36,'2024-01-12','0'),(1137,37,'2024-01-12','0'),(1138,38,'2024-01-12','1'),(1139,39,'2024-01-12','1'),(1140,40,'2024-01-12','1'),(1141,41,'2024-01-12','1'),(1142,42,'2024-01-12','1'),(1143,43,'2024-01-12','1'),(1144,44,'2024-01-12','1'),(1145,45,'2024-01-12','1'),(1146,46,'2024-01-12','1'),(1147,47,'2024-01-12','1'),(1148,48,'2024-01-12','1'),(1149,49,'2024-01-12','1'),(1150,50,'2024-01-12','1'),(1151,51,'2024-01-12','0'),(1152,52,'2024-01-12','0'),(1153,53,'2024-01-12','0'),(1154,54,'2024-01-12','0'),(1155,55,'2024-01-12','0'),(1156,56,'2024-01-12','0'),(1157,57,'2024-01-12','0'),(1158,58,'2024-01-12','1'),(1159,59,'2024-01-12','1'),(1160,60,'2024-01-12','1'),(1161,61,'2024-01-12','1'),(1162,62,'2024-01-12','1'),(1163,63,'2024-01-12','1'),(1164,64,'2024-01-12','1'),(1165,65,'2024-01-12','1'),(1166,66,'2024-01-12','0'),(1167,67,'2024-01-12','0'),(1168,68,'2024-01-12','0'),(1169,69,'2024-01-12','0'),(1170,70,'2024-01-12','0'),(1171,71,'2024-01-12','1'),(1172,72,'2024-01-12','1'),(1173,73,'2024-01-12','1'),(1174,74,'2024-01-12','1'),(1175,75,'2024-01-12','1'),(1176,76,'2024-01-12','1'),(1177,77,'2024-01-12','1'),(1178,78,'2024-01-12','1'),(1179,79,'2024-01-12','1'),(1180,80,'2024-01-12','1'),(1181,81,'2024-01-12','1'),(1182,82,'2024-01-12','1'),(1183,83,'2024-01-12','0'),(1184,84,'2024-01-12','0'),(1185,85,'2024-01-12','0'),(1186,86,'2024-01-12','1'),(1187,87,'2024-01-12','0'),(1188,88,'2024-01-12','0'),(1189,89,'2024-01-12','0'),(1190,90,'2024-01-12','1'),(1191,91,'2024-01-12','1'),(1192,92,'2024-01-12','1'),(1193,93,'2024-01-12','0'),(1194,94,'2024-01-12','0'),(1195,95,'2024-01-12','0'),(1196,96,'2024-01-12','1'),(1197,97,'2024-01-12','1'),(1198,98,'2024-01-12','1'),(1199,99,'2024-01-12','1'),(1200,100,'2024-01-12','1'),(1201,1,'2024-01-13','0'),(1202,2,'2024-01-13','0'),(1203,3,'2024-01-13','0'),(1204,4,'2024-01-13','0'),(1205,5,'2024-01-13','0'),(1206,6,'2024-01-13','1'),(1207,7,'2024-01-13','1'),(1208,8,'2024-01-13','1'),(1209,9,'2024-01-13','1'),(1210,10,'2024-01-13','0'),(1211,11,'2024-01-13','0'),(1212,12,'2024-01-13','0'),(1213,13,'2024-01-13','0'),(1214,14,'2024-01-13','0'),(1215,15,'2024-01-13','0'),(1216,16,'2024-01-13','0'),(1217,17,'2024-01-13','0'),(1218,18,'2024-01-13','1'),(1219,19,'2024-01-13','1'),(1220,20,'2024-01-13','1'),(1221,21,'2024-01-13','1'),(1222,22,'2024-01-13','1'),(1223,23,'2024-01-13','1'),(1224,24,'2024-01-13','1'),(1225,25,'2024-01-13','1'),(1226,26,'2024-01-13','0'),(1227,27,'2024-01-13','0'),(1228,28,'2024-01-13','1'),(1229,29,'2024-01-13','1'),(1230,30,'2024-01-13','0'),(1231,31,'2024-01-13','0'),(1232,32,'2024-01-13','0'),(1233,33,'2024-01-13','0'),(1234,34,'2024-01-13','0'),(1235,35,'2024-01-13','0'),(1236,36,'2024-01-13','0'),(1237,37,'2024-01-13','0'),(1238,38,'2024-01-13','1'),(1239,39,'2024-01-13','1'),(1240,40,'2024-01-13','1'),(1241,41,'2024-01-13','1'),(1242,42,'2024-01-13','1'),(1243,43,'2024-01-13','1'),(1244,44,'2024-01-13','1'),(1245,45,'2024-01-13','1'),(1246,46,'2024-01-13','1'),(1247,47,'2024-01-13','1'),(1248,48,'2024-01-13','1'),(1249,49,'2024-01-13','1'),(1250,50,'2024-01-13','1'),(1251,51,'2024-01-13','0'),(1252,52,'2024-01-13','0'),(1253,53,'2024-01-13','0'),(1254,54,'2024-01-13','0'),(1255,55,'2024-01-13','0'),(1256,56,'2024-01-13','0'),(1257,57,'2024-01-13','0'),(1258,58,'2024-01-13','1'),(1259,59,'2024-01-13','1'),(1260,60,'2024-01-13','1'),(1261,61,'2024-01-13','1'),(1262,62,'2024-01-13','1'),(1263,63,'2024-01-13','1'),(1264,64,'2024-01-13','1'),(1265,65,'2024-01-13','1'),(1266,66,'2024-01-13','0'),(1267,67,'2024-01-13','0'),(1268,68,'2024-01-13','0'),(1269,69,'2024-01-13','0'),(1270,70,'2024-01-13','0'),(1271,71,'2024-01-13','1'),(1272,72,'2024-01-13','1'),(1273,73,'2024-01-13','1'),(1274,74,'2024-01-13','1'),(1275,75,'2024-01-13','1'),(1276,76,'2024-01-13','1'),(1277,77,'2024-01-13','1'),(1278,78,'2024-01-13','1'),(1279,79,'2024-01-13','1'),(1280,80,'2024-01-13','1'),(1281,81,'2024-01-13','1'),(1282,82,'2024-01-13','1'),(1283,83,'2024-01-13','0'),(1284,84,'2024-01-13','0'),(1285,85,'2024-01-13','0'),(1286,86,'2024-01-13','1'),(1287,87,'2024-01-13','0'),(1288,88,'2024-01-13','0'),(1289,89,'2024-01-13','0'),(1290,90,'2024-01-13','1'),(1291,91,'2024-01-13','1'),(1292,92,'2024-01-13','1'),(1293,93,'2024-01-13','0'),(1294,94,'2024-01-13','0'),(1295,95,'2024-01-13','0'),(1296,96,'2024-01-13','1'),(1297,97,'2024-01-13','1'),(1298,98,'2024-01-13','1'),(1299,99,'2024-01-13','1'),(1300,100,'2024-01-13','1'),(1301,1,'2024-01-14','0'),(1302,2,'2024-01-14','0'),(1303,3,'2024-01-14','0'),(1304,4,'2024-01-14','0'),(1305,5,'2024-01-14','0'),(1306,6,'2024-01-14','1'),(1307,7,'2024-01-14','1'),(1308,8,'2024-01-14','1'),(1309,9,'2024-01-14','1'),(1310,10,'2024-01-14','0'),(1311,11,'2024-01-14','0'),(1312,12,'2024-01-14','0'),(1313,13,'2024-01-14','0'),(1314,14,'2024-01-14','0'),(1315,15,'2024-01-14','0'),(1316,16,'2024-01-14','0'),(1317,17,'2024-01-14','0'),(1318,18,'2024-01-14','1'),(1319,19,'2024-01-14','1'),(1320,20,'2024-01-14','1'),(1321,21,'2024-01-14','1'),(1322,22,'2024-01-14','1'),(1323,23,'2024-01-14','1'),(1324,24,'2024-01-14','1'),(1325,25,'2024-01-14','1'),(1326,26,'2024-01-14','0'),(1327,27,'2024-01-14','0'),(1328,28,'2024-01-14','1'),(1329,29,'2024-01-14','1'),(1330,30,'2024-01-14','0'),(1331,31,'2024-01-14','0'),(1332,32,'2024-01-14','0'),(1333,33,'2024-01-14','0'),(1334,34,'2024-01-14','0'),(1335,35,'2024-01-14','0'),(1336,36,'2024-01-14','0'),(1337,37,'2024-01-14','0'),(1338,38,'2024-01-14','1'),(1339,39,'2024-01-14','1'),(1340,40,'2024-01-14','1'),(1341,41,'2024-01-14','1'),(1342,42,'2024-01-14','1'),(1343,43,'2024-01-14','1'),(1344,44,'2024-01-14','1'),(1345,45,'2024-01-14','1'),(1346,46,'2024-01-14','1'),(1347,47,'2024-01-14','1'),(1348,48,'2024-01-14','1'),(1349,49,'2024-01-14','1'),(1350,50,'2024-01-14','1'),(1351,51,'2024-01-14','0'),(1352,52,'2024-01-14','0'),(1353,53,'2024-01-14','0'),(1354,54,'2024-01-14','0'),(1355,55,'2024-01-14','0'),(1356,56,'2024-01-14','0'),(1357,57,'2024-01-14','0'),(1358,58,'2024-01-14','1'),(1359,59,'2024-01-14','1'),(1360,60,'2024-01-14','1'),(1361,61,'2024-01-14','1'),(1362,62,'2024-01-14','1'),(1363,63,'2024-01-14','1'),(1364,64,'2024-01-14','1'),(1365,65,'2024-01-14','1'),(1366,66,'2024-01-14','0'),(1367,67,'2024-01-14','0'),(1368,68,'2024-01-14','0'),(1369,69,'2024-01-14','0'),(1370,70,'2024-01-14','0'),(1371,71,'2024-01-14','1'),(1372,72,'2024-01-14','1'),(1373,73,'2024-01-14','1'),(1374,74,'2024-01-14','1'),(1375,75,'2024-01-14','1'),(1376,76,'2024-01-14','1'),(1377,77,'2024-01-14','1'),(1378,78,'2024-01-14','1'),(1379,79,'2024-01-14','1'),(1380,80,'2024-01-14','1'),(1381,81,'2024-01-14','1'),(1382,82,'2024-01-14','1'),(1383,83,'2024-01-14','0'),(1384,84,'2024-01-14','0'),(1385,85,'2024-01-14','0'),(1386,86,'2024-01-14','1'),(1387,87,'2024-01-14','0'),(1388,88,'2024-01-14','0'),(1389,89,'2024-01-14','0'),(1390,90,'2024-01-14','1'),(1391,91,'2024-01-14','1'),(1392,92,'2024-01-14','1'),(1393,93,'2024-01-14','0'),(1394,94,'2024-01-14','0'),(1395,95,'2024-01-14','0'),(1396,96,'2024-01-14','1'),(1397,97,'2024-01-14','1'),(1398,98,'2024-01-14','1'),(1399,99,'2024-01-14','1'),(1400,100,'2024-01-14','1'),(1401,1,'2024-01-15','0'),(1402,2,'2024-01-15','0'),(1403,3,'2024-01-15','0'),(1404,4,'2024-01-15','0'),(1405,5,'2024-01-15','0'),(1406,6,'2024-01-15','1'),(1407,7,'2024-01-15','1'),(1408,8,'2024-01-15','1'),(1409,9,'2024-01-15','1'),(1410,10,'2024-01-15','0'),(1411,11,'2024-01-15','0'),(1412,12,'2024-01-15','0'),(1413,13,'2024-01-15','0'),(1414,14,'2024-01-15','0'),(1415,15,'2024-01-15','0'),(1416,16,'2024-01-15','0'),(1417,17,'2024-01-15','0'),(1418,18,'2024-01-15','1'),(1419,19,'2024-01-15','1'),(1420,20,'2024-01-15','1'),(1421,21,'2024-01-15','1'),(1422,22,'2024-01-15','1'),(1423,23,'2024-01-15','1'),(1424,24,'2024-01-15','1'),(1425,25,'2024-01-15','1'),(1426,26,'2024-01-15','0'),(1427,27,'2024-01-15','0'),(1428,28,'2024-01-15','1'),(1429,29,'2024-01-15','1'),(1430,30,'2024-01-15','0'),(1431,31,'2024-01-15','0'),(1432,32,'2024-01-15','0'),(1433,33,'2024-01-15','0'),(1434,34,'2024-01-15','0'),(1435,35,'2024-01-15','0'),(1436,36,'2024-01-15','0'),(1437,37,'2024-01-15','0'),(1438,38,'2024-01-15','1'),(1439,39,'2024-01-15','1'),(1440,40,'2024-01-15','1'),(1441,41,'2024-01-15','1'),(1442,42,'2024-01-15','1'),(1443,43,'2024-01-15','1'),(1444,44,'2024-01-15','1'),(1445,45,'2024-01-15','1'),(1446,46,'2024-01-15','1'),(1447,47,'2024-01-15','1'),(1448,48,'2024-01-15','1'),(1449,49,'2024-01-15','1'),(1450,50,'2024-01-15','1'),(1451,51,'2024-01-15','0'),(1452,52,'2024-01-15','0'),(1453,53,'2024-01-15','0'),(1454,54,'2024-01-15','0'),(1455,55,'2024-01-15','0'),(1456,56,'2024-01-15','0'),(1457,57,'2024-01-15','0'),(1458,58,'2024-01-15','1'),(1459,59,'2024-01-15','1'),(1460,60,'2024-01-15','1'),(1461,61,'2024-01-15','1'),(1462,62,'2024-01-15','1'),(1463,63,'2024-01-15','1'),(1464,64,'2024-01-15','1'),(1465,65,'2024-01-15','1'),(1466,66,'2024-01-15','0'),(1467,67,'2024-01-15','0'),(1468,68,'2024-01-15','0'),(1469,69,'2024-01-15','0'),(1470,70,'2024-01-15','0'),(1471,71,'2024-01-15','1'),(1472,72,'2024-01-15','1'),(1473,73,'2024-01-15','1'),(1474,74,'2024-01-15','1'),(1475,75,'2024-01-15','1'),(1476,76,'2024-01-15','1'),(1477,77,'2024-01-15','1'),(1478,78,'2024-01-15','1'),(1479,79,'2024-01-15','1'),(1480,80,'2024-01-15','1'),(1481,81,'2024-01-15','1'),(1482,82,'2024-01-15','1'),(1483,83,'2024-01-15','0'),(1484,84,'2024-01-15','0'),(1485,85,'2024-01-15','0'),(1486,86,'2024-01-15','1'),(1487,87,'2024-01-15','0'),(1488,88,'2024-01-15','0'),(1489,89,'2024-01-15','0'),(1490,90,'2024-01-15','1'),(1491,91,'2024-01-15','1'),(1492,92,'2024-01-15','1'),(1493,93,'2024-01-15','0'),(1494,94,'2024-01-15','0'),(1495,95,'2024-01-15','0'),(1496,96,'2024-01-15','1'),(1497,97,'2024-01-15','1'),(1498,98,'2024-01-15','1'),(1499,99,'2024-01-15','1'),(1500,100,'2024-01-15','1'),(1501,1,'2024-01-16','0'),(1502,2,'2024-01-16','0'),(1503,3,'2024-01-16','0'),(1504,4,'2024-01-16','0'),(1505,5,'2024-01-16','0'),(1506,6,'2024-01-16','1'),(1507,7,'2024-01-16','1'),(1508,8,'2024-01-16','1'),(1509,9,'2024-01-16','1'),(1510,10,'2024-01-16','0'),(1511,11,'2024-01-16','0'),(1512,12,'2024-01-16','0'),(1513,13,'2024-01-16','0'),(1514,14,'2024-01-16','0'),(1515,15,'2024-01-16','0'),(1516,16,'2024-01-16','0'),(1517,17,'2024-01-16','0'),(1518,18,'2024-01-16','1'),(1519,19,'2024-01-16','1'),(1520,20,'2024-01-16','1'),(1521,21,'2024-01-16','1'),(1522,22,'2024-01-16','1'),(1523,23,'2024-01-16','1'),(1524,24,'2024-01-16','1'),(1525,25,'2024-01-16','1'),(1526,26,'2024-01-16','0'),(1527,27,'2024-01-16','0'),(1528,28,'2024-01-16','1'),(1529,29,'2024-01-16','1'),(1530,30,'2024-01-16','0'),(1531,31,'2024-01-16','0'),(1532,32,'2024-01-16','0'),(1533,33,'2024-01-16','0'),(1534,34,'2024-01-16','0'),(1535,35,'2024-01-16','0'),(1536,36,'2024-01-16','0'),(1537,37,'2024-01-16','0'),(1538,38,'2024-01-16','1'),(1539,39,'2024-01-16','1'),(1540,40,'2024-01-16','1'),(1541,41,'2024-01-16','1'),(1542,42,'2024-01-16','1'),(1543,43,'2024-01-16','1'),(1544,44,'2024-01-16','1'),(1545,45,'2024-01-16','1'),(1546,46,'2024-01-16','1'),(1547,47,'2024-01-16','1'),(1548,48,'2024-01-16','1'),(1549,49,'2024-01-16','1'),(1550,50,'2024-01-16','1'),(1551,51,'2024-01-16','0'),(1552,52,'2024-01-16','0'),(1553,53,'2024-01-16','0'),(1554,54,'2024-01-16','0'),(1555,55,'2024-01-16','0'),(1556,56,'2024-01-16','0'),(1557,57,'2024-01-16','0'),(1558,58,'2024-01-16','1'),(1559,59,'2024-01-16','1'),(1560,60,'2024-01-16','1'),(1561,61,'2024-01-16','1'),(1562,62,'2024-01-16','1'),(1563,63,'2024-01-16','1'),(1564,64,'2024-01-16','1'),(1565,65,'2024-01-16','1'),(1566,66,'2024-01-16','0'),(1567,67,'2024-01-16','0'),(1568,68,'2024-01-16','0'),(1569,69,'2024-01-16','0'),(1570,70,'2024-01-16','0'),(1571,71,'2024-01-16','1'),(1572,72,'2024-01-16','1'),(1573,73,'2024-01-16','1'),(1574,74,'2024-01-16','1'),(1575,75,'2024-01-16','1'),(1576,76,'2024-01-16','1'),(1577,77,'2024-01-16','1'),(1578,78,'2024-01-16','1'),(1579,79,'2024-01-16','1'),(1580,80,'2024-01-16','1'),(1581,81,'2024-01-16','1'),(1582,82,'2024-01-16','1'),(1583,83,'2024-01-16','0'),(1584,84,'2024-01-16','0'),(1585,85,'2024-01-16','0'),(1586,86,'2024-01-16','1'),(1587,87,'2024-01-16','0'),(1588,88,'2024-01-16','0'),(1589,89,'2024-01-16','0'),(1590,90,'2024-01-16','1'),(1591,91,'2024-01-16','1'),(1592,92,'2024-01-16','1'),(1593,93,'2024-01-16','0'),(1594,94,'2024-01-16','0'),(1595,95,'2024-01-16','0'),(1596,96,'2024-01-16','1'),(1597,97,'2024-01-16','1'),(1598,98,'2024-01-16','1'),(1599,99,'2024-01-16','1'),(1600,100,'2024-01-16','1'),(1601,1,'2024-01-17','0'),(1602,2,'2024-01-17','0'),(1603,3,'2024-01-17','0'),(1604,4,'2024-01-17','0'),(1605,5,'2024-01-17','0'),(1606,6,'2024-01-17','1'),(1607,7,'2024-01-17','1'),(1608,8,'2024-01-17','1'),(1609,9,'2024-01-17','1'),(1610,10,'2024-01-17','0'),(1611,11,'2024-01-17','0'),(1612,12,'2024-01-17','0'),(1613,13,'2024-01-17','0'),(1614,14,'2024-01-17','0'),(1615,15,'2024-01-17','0'),(1616,16,'2024-01-17','0'),(1617,17,'2024-01-17','0'),(1618,18,'2024-01-17','1'),(1619,19,'2024-01-17','1'),(1620,20,'2024-01-17','1'),(1621,21,'2024-01-17','1'),(1622,22,'2024-01-17','1'),(1623,23,'2024-01-17','1'),(1624,24,'2024-01-17','1'),(1625,25,'2024-01-17','1'),(1626,26,'2024-01-17','0'),(1627,27,'2024-01-17','0'),(1628,28,'2024-01-17','1'),(1629,29,'2024-01-17','1'),(1630,30,'2024-01-17','0'),(1631,31,'2024-01-17','0'),(1632,32,'2024-01-17','0'),(1633,33,'2024-01-17','0'),(1634,34,'2024-01-17','0'),(1635,35,'2024-01-17','0'),(1636,36,'2024-01-17','0'),(1637,37,'2024-01-17','0'),(1638,38,'2024-01-17','1'),(1639,39,'2024-01-17','1'),(1640,40,'2024-01-17','1'),(1641,41,'2024-01-17','1'),(1642,42,'2024-01-17','1'),(1643,43,'2024-01-17','1'),(1644,44,'2024-01-17','1'),(1645,45,'2024-01-17','1'),(1646,46,'2024-01-17','1'),(1647,47,'2024-01-17','1'),(1648,48,'2024-01-17','1'),(1649,49,'2024-01-17','1'),(1650,50,'2024-01-17','1'),(1651,51,'2024-01-17','0'),(1652,52,'2024-01-17','0'),(1653,53,'2024-01-17','0'),(1654,54,'2024-01-17','0'),(1655,55,'2024-01-17','0'),(1656,56,'2024-01-17','0'),(1657,57,'2024-01-17','0'),(1658,58,'2024-01-17','1'),(1659,59,'2024-01-17','1'),(1660,60,'2024-01-17','1'),(1661,61,'2024-01-17','1'),(1662,62,'2024-01-17','1'),(1663,63,'2024-01-17','1'),(1664,64,'2024-01-17','1'),(1665,65,'2024-01-17','1'),(1666,66,'2024-01-17','0'),(1667,67,'2024-01-17','0'),(1668,68,'2024-01-17','0'),(1669,69,'2024-01-17','0'),(1670,70,'2024-01-17','0'),(1671,71,'2024-01-17','1'),(1672,72,'2024-01-17','1'),(1673,73,'2024-01-17','1'),(1674,74,'2024-01-17','1'),(1675,75,'2024-01-17','1'),(1676,76,'2024-01-17','1'),(1677,77,'2024-01-17','1'),(1678,78,'2024-01-17','1'),(1679,79,'2024-01-17','1'),(1680,80,'2024-01-17','1'),(1681,81,'2024-01-17','1'),(1682,82,'2024-01-17','1'),(1683,83,'2024-01-17','0'),(1684,84,'2024-01-17','0'),(1685,85,'2024-01-17','0'),(1686,86,'2024-01-17','1'),(1687,87,'2024-01-17','0'),(1688,88,'2024-01-17','0'),(1689,89,'2024-01-17','0'),(1690,90,'2024-01-17','1'),(1691,91,'2024-01-17','1'),(1692,92,'2024-01-17','1'),(1693,93,'2024-01-17','0'),(1694,94,'2024-01-17','0'),(1695,95,'2024-01-17','0'),(1696,96,'2024-01-17','1'),(1697,97,'2024-01-17','1'),(1698,98,'2024-01-17','1'),(1699,99,'2024-01-17','1'),(1700,100,'2024-01-17','1'),(1701,1,'2024-01-18','0'),(1702,2,'2024-01-18','0'),(1703,3,'2024-01-18','0'),(1704,4,'2024-01-18','0'),(1705,5,'2024-01-18','0'),(1706,6,'2024-01-18','1'),(1707,7,'2024-01-18','1'),(1708,8,'2024-01-18','1'),(1709,9,'2024-01-18','1'),(1710,10,'2024-01-18','0'),(1711,11,'2024-01-18','0'),(1712,12,'2024-01-18','0'),(1713,13,'2024-01-18','0'),(1714,14,'2024-01-18','0'),(1715,15,'2024-01-18','0'),(1716,16,'2024-01-18','0'),(1717,17,'2024-01-18','0'),(1718,18,'2024-01-18','1'),(1719,19,'2024-01-18','1'),(1720,20,'2024-01-18','1'),(1721,21,'2024-01-18','1'),(1722,22,'2024-01-18','1'),(1723,23,'2024-01-18','1'),(1724,24,'2024-01-18','1'),(1725,25,'2024-01-18','1'),(1726,26,'2024-01-18','0'),(1727,27,'2024-01-18','0'),(1728,28,'2024-01-18','1'),(1729,29,'2024-01-18','1'),(1730,30,'2024-01-18','0'),(1731,31,'2024-01-18','0'),(1732,32,'2024-01-18','0'),(1733,33,'2024-01-18','0'),(1734,34,'2024-01-18','0'),(1735,35,'2024-01-18','0'),(1736,36,'2024-01-18','0'),(1737,37,'2024-01-18','0'),(1738,38,'2024-01-18','1'),(1739,39,'2024-01-18','1'),(1740,40,'2024-01-18','1'),(1741,41,'2024-01-18','1'),(1742,42,'2024-01-18','1'),(1743,43,'2024-01-18','1'),(1744,44,'2024-01-18','1'),(1745,45,'2024-01-18','1'),(1746,46,'2024-01-18','1'),(1747,47,'2024-01-18','1'),(1748,48,'2024-01-18','1'),(1749,49,'2024-01-18','1'),(1750,50,'2024-01-18','1'),(1751,51,'2024-01-18','0'),(1752,52,'2024-01-18','0'),(1753,53,'2024-01-18','0'),(1754,54,'2024-01-18','0'),(1755,55,'2024-01-18','0'),(1756,56,'2024-01-18','0'),(1757,57,'2024-01-18','0'),(1758,58,'2024-01-18','1'),(1759,59,'2024-01-18','1'),(1760,60,'2024-01-18','1'),(1761,61,'2024-01-18','1'),(1762,62,'2024-01-18','1'),(1763,63,'2024-01-18','1'),(1764,64,'2024-01-18','1'),(1765,65,'2024-01-18','1'),(1766,66,'2024-01-18','0'),(1767,67,'2024-01-18','0'),(1768,68,'2024-01-18','0'),(1769,69,'2024-01-18','0'),(1770,70,'2024-01-18','0'),(1771,71,'2024-01-18','1'),(1772,72,'2024-01-18','1'),(1773,73,'2024-01-18','1'),(1774,74,'2024-01-18','1'),(1775,75,'2024-01-18','1'),(1776,76,'2024-01-18','1'),(1777,77,'2024-01-18','1'),(1778,78,'2024-01-18','1'),(1779,79,'2024-01-18','1'),(1780,80,'2024-01-18','1'),(1781,81,'2024-01-18','1'),(1782,82,'2024-01-18','1'),(1783,83,'2024-01-18','0'),(1784,84,'2024-01-18','0'),(1785,85,'2024-01-18','0'),(1786,86,'2024-01-18','1'),(1787,87,'2024-01-18','0'),(1788,88,'2024-01-18','0'),(1789,89,'2024-01-18','0'),(1790,90,'2024-01-18','1'),(1791,91,'2024-01-18','1'),(1792,92,'2024-01-18','1'),(1793,93,'2024-01-18','0'),(1794,94,'2024-01-18','0'),(1795,95,'2024-01-18','0'),(1796,96,'2024-01-18','1'),(1797,97,'2024-01-18','1'),(1798,98,'2024-01-18','1'),(1799,99,'2024-01-18','1'),(1800,100,'2024-01-18','1'),(1801,1,'2024-01-19','0'),(1802,2,'2024-01-19','0'),(1803,3,'2024-01-19','0'),(1804,4,'2024-01-19','0'),(1805,5,'2024-01-19','0'),(1806,6,'2024-01-19','1'),(1807,7,'2024-01-19','1'),(1808,8,'2024-01-19','1'),(1809,9,'2024-01-19','1'),(1810,10,'2024-01-19','0'),(1811,11,'2024-01-19','0'),(1812,12,'2024-01-19','0'),(1813,13,'2024-01-19','0'),(1814,14,'2024-01-19','0'),(1815,15,'2024-01-19','0'),(1816,16,'2024-01-19','0'),(1817,17,'2024-01-19','0'),(1818,18,'2024-01-19','1'),(1819,19,'2024-01-19','1'),(1820,20,'2024-01-19','1'),(1821,21,'2024-01-19','1'),(1822,22,'2024-01-19','1'),(1823,23,'2024-01-19','1'),(1824,24,'2024-01-19','1'),(1825,25,'2024-01-19','1'),(1826,26,'2024-01-19','0'),(1827,27,'2024-01-19','0'),(1828,28,'2024-01-19','1'),(1829,29,'2024-01-19','1'),(1830,30,'2024-01-19','0'),(1831,31,'2024-01-19','0'),(1832,32,'2024-01-19','0'),(1833,33,'2024-01-19','0'),(1834,34,'2024-01-19','0'),(1835,35,'2024-01-19','0'),(1836,36,'2024-01-19','0'),(1837,37,'2024-01-19','0'),(1838,38,'2024-01-19','1'),(1839,39,'2024-01-19','1'),(1840,40,'2024-01-19','1'),(1841,41,'2024-01-19','1'),(1842,42,'2024-01-19','1'),(1843,43,'2024-01-19','1'),(1844,44,'2024-01-19','1'),(1845,45,'2024-01-19','1'),(1846,46,'2024-01-19','1'),(1847,47,'2024-01-19','1'),(1848,48,'2024-01-19','1'),(1849,49,'2024-01-19','1'),(1850,50,'2024-01-19','1'),(1851,51,'2024-01-19','0'),(1852,52,'2024-01-19','0'),(1853,53,'2024-01-19','0'),(1854,54,'2024-01-19','0'),(1855,55,'2024-01-19','0'),(1856,56,'2024-01-19','0'),(1857,57,'2024-01-19','0'),(1858,58,'2024-01-19','1'),(1859,59,'2024-01-19','1'),(1860,60,'2024-01-19','1'),(1861,61,'2024-01-19','1'),(1862,62,'2024-01-19','1'),(1863,63,'2024-01-19','1'),(1864,64,'2024-01-19','1'),(1865,65,'2024-01-19','1'),(1866,66,'2024-01-19','0'),(1867,67,'2024-01-19','0'),(1868,68,'2024-01-19','0'),(1869,69,'2024-01-19','0'),(1870,70,'2024-01-19','0'),(1871,71,'2024-01-19','1'),(1872,72,'2024-01-19','1'),(1873,73,'2024-01-19','1'),(1874,74,'2024-01-19','1'),(1875,75,'2024-01-19','1'),(1876,76,'2024-01-19','1'),(1877,77,'2024-01-19','1'),(1878,78,'2024-01-19','1'),(1879,79,'2024-01-19','1'),(1880,80,'2024-01-19','1'),(1881,81,'2024-01-19','1'),(1882,82,'2024-01-19','1'),(1883,83,'2024-01-19','0'),(1884,84,'2024-01-19','0'),(1885,85,'2024-01-19','0'),(1886,86,'2024-01-19','1'),(1887,87,'2024-01-19','0'),(1888,88,'2024-01-19','0'),(1889,89,'2024-01-19','0'),(1890,90,'2024-01-19','1'),(1891,91,'2024-01-19','1'),(1892,92,'2024-01-19','1'),(1893,93,'2024-01-19','0'),(1894,94,'2024-01-19','0'),(1895,95,'2024-01-19','0'),(1896,96,'2024-01-19','1'),(1897,97,'2024-01-19','1'),(1898,98,'2024-01-19','1'),(1899,99,'2024-01-19','1'),(1900,100,'2024-01-19','1'),(1901,1,'2024-01-20','0'),(1902,2,'2024-01-20','0'),(1903,3,'2024-01-20','0'),(1904,4,'2024-01-20','0'),(1905,5,'2024-01-20','0'),(1906,6,'2024-01-20','1'),(1907,7,'2024-01-20','1'),(1908,8,'2024-01-20','1'),(1909,9,'2024-01-20','1'),(1910,10,'2024-01-20','0'),(1911,11,'2024-01-20','0'),(1912,12,'2024-01-20','0'),(1913,13,'2024-01-20','0'),(1914,14,'2024-01-20','0'),(1915,15,'2024-01-20','0'),(1916,16,'2024-01-20','0'),(1917,17,'2024-01-20','0'),(1918,18,'2024-01-20','1'),(1919,19,'2024-01-20','1'),(1920,20,'2024-01-20','1'),(1921,21,'2024-01-20','1'),(1922,22,'2024-01-20','1'),(1923,23,'2024-01-20','1'),(1924,24,'2024-01-20','1'),(1925,25,'2024-01-20','1'),(1926,26,'2024-01-20','0'),(1927,27,'2024-01-20','0'),(1928,28,'2024-01-20','1'),(1929,29,'2024-01-20','1'),(1930,30,'2024-01-20','0'),(1931,31,'2024-01-20','0'),(1932,32,'2024-01-20','0'),(1933,33,'2024-01-20','0'),(1934,34,'2024-01-20','0'),(1935,35,'2024-01-20','0'),(1936,36,'2024-01-20','0'),(1937,37,'2024-01-20','0'),(1938,38,'2024-01-20','1'),(1939,39,'2024-01-20','1'),(1940,40,'2024-01-20','1'),(1941,41,'2024-01-20','1'),(1942,42,'2024-01-20','1'),(1943,43,'2024-01-20','1'),(1944,44,'2024-01-20','1'),(1945,45,'2024-01-20','1'),(1946,46,'2024-01-20','1'),(1947,47,'2024-01-20','1'),(1948,48,'2024-01-20','1'),(1949,49,'2024-01-20','1'),(1950,50,'2024-01-20','1'),(1951,51,'2024-01-20','0'),(1952,52,'2024-01-20','0'),(1953,53,'2024-01-20','0'),(1954,54,'2024-01-20','0'),(1955,55,'2024-01-20','0'),(1956,56,'2024-01-20','0'),(1957,57,'2024-01-20','0'),(1958,58,'2024-01-20','1'),(1959,59,'2024-01-20','1'),(1960,60,'2024-01-20','1'),(1961,61,'2024-01-20','1'),(1962,62,'2024-01-20','1'),(1963,63,'2024-01-20','1'),(1964,64,'2024-01-20','1'),(1965,65,'2024-01-20','1'),(1966,66,'2024-01-20','0'),(1967,67,'2024-01-20','0'),(1968,68,'2024-01-20','0'),(1969,69,'2024-01-20','0'),(1970,70,'2024-01-20','0'),(1971,71,'2024-01-20','1'),(1972,72,'2024-01-20','1'),(1973,73,'2024-01-20','1'),(1974,74,'2024-01-20','1'),(1975,75,'2024-01-20','1'),(1976,76,'2024-01-20','1'),(1977,77,'2024-01-20','1'),(1978,78,'2024-01-20','1'),(1979,79,'2024-01-20','1'),(1980,80,'2024-01-20','1'),(1981,81,'2024-01-20','1'),(1982,82,'2024-01-20','1'),(1983,83,'2024-01-20','0'),(1984,84,'2024-01-20','0'),(1985,85,'2024-01-20','0'),(1986,86,'2024-01-20','1'),(1987,87,'2024-01-20','0'),(1988,88,'2024-01-20','0'),(1989,89,'2024-01-20','0'),(1990,90,'2024-01-20','1'),(1991,91,'2024-01-20','1'),(1992,92,'2024-01-20','1'),(1993,93,'2024-01-20','0'),(1994,94,'2024-01-20','0'),(1995,95,'2024-01-20','0'),(1996,96,'2024-01-20','1'),(1997,97,'2024-01-20','1'),(1998,98,'2024-01-20','1'),(1999,99,'2024-01-20','1'),(2000,100,'2024-01-20','1'),(2001,1,'2024-01-21','1'),(2002,2,'2024-01-21','1'),(2003,3,'2024-01-21','1'),(2004,4,'2024-01-21','1'),(2005,5,'2024-01-21','1'),(2006,6,'2024-01-21','0'),(2007,7,'2024-01-21','0'),(2008,8,'2024-01-21','0'),(2009,9,'2024-01-21','0'),(2010,10,'2024-01-21','1'),(2011,11,'2024-01-21','1'),(2012,12,'2024-01-21','1'),(2013,13,'2024-01-21','1'),(2014,14,'2024-01-21','1'),(2015,15,'2024-01-21','1'),(2016,16,'2024-01-21','1'),(2017,17,'2024-01-21','1'),(2018,18,'2024-01-21','0'),(2019,19,'2024-01-21','0'),(2020,20,'2024-01-21','0'),(2021,21,'2024-01-21','0'),(2022,22,'2024-01-21','0'),(2023,23,'2024-01-21','0'),(2024,24,'2024-01-21','0'),(2025,25,'2024-01-21','0'),(2026,26,'2024-01-21','1'),(2027,27,'2024-01-21','1'),(2028,28,'2024-01-21','0'),(2029,29,'2024-01-21','0'),(2030,30,'2024-01-21','1'),(2031,31,'2024-01-21','1'),(2032,32,'2024-01-21','1'),(2033,33,'2024-01-21','1'),(2034,34,'2024-01-21','1'),(2035,35,'2024-01-21','1'),(2036,36,'2024-01-21','1'),(2037,37,'2024-01-21','1'),(2038,38,'2024-01-21','0'),(2039,39,'2024-01-21','0'),(2040,40,'2024-01-21','0'),(2041,41,'2024-01-21','0'),(2042,42,'2024-01-21','0'),(2043,43,'2024-01-21','0'),(2044,44,'2024-01-21','0'),(2045,45,'2024-01-21','0'),(2046,46,'2024-01-21','0'),(2047,47,'2024-01-21','0'),(2048,48,'2024-01-21','0'),(2049,49,'2024-01-21','0'),(2050,50,'2024-01-21','0'),(2051,51,'2024-01-21','1'),(2052,52,'2024-01-21','1'),(2053,53,'2024-01-21','1'),(2054,54,'2024-01-21','1'),(2055,55,'2024-01-21','1'),(2056,56,'2024-01-21','1'),(2057,57,'2024-01-21','1'),(2058,58,'2024-01-21','0'),(2059,59,'2024-01-21','0'),(2060,60,'2024-01-21','0'),(2061,61,'2024-01-21','0'),(2062,62,'2024-01-21','0'),(2063,63,'2024-01-21','0'),(2064,64,'2024-01-21','0'),(2065,65,'2024-01-21','0'),(2066,66,'2024-01-21','1'),(2067,67,'2024-01-21','1'),(2068,68,'2024-01-21','1'),(2069,69,'2024-01-21','1'),(2070,70,'2024-01-21','1'),(2071,71,'2024-01-21','0'),(2072,72,'2024-01-21','0'),(2073,73,'2024-01-21','0'),(2074,74,'2024-01-21','0'),(2075,75,'2024-01-21','0'),(2076,76,'2024-01-21','0'),(2077,77,'2024-01-21','0'),(2078,78,'2024-01-21','0'),(2079,79,'2024-01-21','0'),(2080,80,'2024-01-21','0'),(2081,81,'2024-01-21','0'),(2082,82,'2024-01-21','0'),(2083,83,'2024-01-21','1'),(2084,84,'2024-01-21','1'),(2085,85,'2024-01-21','1'),(2086,86,'2024-01-21','0'),(2087,87,'2024-01-21','1'),(2088,88,'2024-01-21','1'),(2089,89,'2024-01-21','1'),(2090,90,'2024-01-21','0'),(2091,91,'2024-01-21','0'),(2092,92,'2024-01-21','0'),(2093,93,'2024-01-21','1'),(2094,94,'2024-01-21','1'),(2095,95,'2024-01-21','1'),(2096,96,'2024-01-21','0'),(2097,97,'2024-01-21','0'),(2098,98,'2024-01-21','0'),(2099,99,'2024-01-21','0'),(2100,100,'2024-01-21','0'),(2101,1,'2024-01-22','1'),(2102,2,'2024-01-22','1'),(2103,3,'2024-01-22','1'),(2104,4,'2024-01-22','1'),(2105,5,'2024-01-22','1'),(2106,6,'2024-01-22','0'),(2107,7,'2024-01-22','0'),(2108,8,'2024-01-22','0'),(2109,9,'2024-01-22','0'),(2110,10,'2024-01-22','1'),(2111,11,'2024-01-22','1'),(2112,12,'2024-01-22','1'),(2113,13,'2024-01-22','1'),(2114,14,'2024-01-22','1'),(2115,15,'2024-01-22','1'),(2116,16,'2024-01-22','1'),(2117,17,'2024-01-22','1'),(2118,18,'2024-01-22','0'),(2119,19,'2024-01-22','0'),(2120,20,'2024-01-22','0'),(2121,21,'2024-01-22','0'),(2122,22,'2024-01-22','0'),(2123,23,'2024-01-22','0'),(2124,24,'2024-01-22','0'),(2125,25,'2024-01-22','0'),(2126,26,'2024-01-22','1'),(2127,27,'2024-01-22','1'),(2128,28,'2024-01-22','0'),(2129,29,'2024-01-22','0'),(2130,30,'2024-01-22','1'),(2131,31,'2024-01-22','1'),(2132,32,'2024-01-22','1'),(2133,33,'2024-01-22','1'),(2134,34,'2024-01-22','1'),(2135,35,'2024-01-22','1'),(2136,36,'2024-01-22','1'),(2137,37,'2024-01-22','1'),(2138,38,'2024-01-22','0'),(2139,39,'2024-01-22','0'),(2140,40,'2024-01-22','0'),(2141,41,'2024-01-22','0'),(2142,42,'2024-01-22','0'),(2143,43,'2024-01-22','0'),(2144,44,'2024-01-22','0'),(2145,45,'2024-01-22','0'),(2146,46,'2024-01-22','0'),(2147,47,'2024-01-22','0'),(2148,48,'2024-01-22','0'),(2149,49,'2024-01-22','0'),(2150,50,'2024-01-22','0'),(2151,51,'2024-01-22','1'),(2152,52,'2024-01-22','1'),(2153,53,'2024-01-22','1'),(2154,54,'2024-01-22','1'),(2155,55,'2024-01-22','1'),(2156,56,'2024-01-22','1'),(2157,57,'2024-01-22','1'),(2158,58,'2024-01-22','0'),(2159,59,'2024-01-22','0'),(2160,60,'2024-01-22','0'),(2161,61,'2024-01-22','0'),(2162,62,'2024-01-22','0'),(2163,63,'2024-01-22','0'),(2164,64,'2024-01-22','0'),(2165,65,'2024-01-22','0'),(2166,66,'2024-01-22','1'),(2167,67,'2024-01-22','1'),(2168,68,'2024-01-22','1'),(2169,69,'2024-01-22','1'),(2170,70,'2024-01-22','1'),(2171,71,'2024-01-22','0'),(2172,72,'2024-01-22','0'),(2173,73,'2024-01-22','0'),(2174,74,'2024-01-22','0'),(2175,75,'2024-01-22','0'),(2176,76,'2024-01-22','0'),(2177,77,'2024-01-22','0'),(2178,78,'2024-01-22','0'),(2179,79,'2024-01-22','0'),(2180,80,'2024-01-22','0'),(2181,81,'2024-01-22','0'),(2182,82,'2024-01-22','0'),(2183,83,'2024-01-22','1'),(2184,84,'2024-01-22','1'),(2185,85,'2024-01-22','1'),(2186,86,'2024-01-22','0'),(2187,87,'2024-01-22','1'),(2188,88,'2024-01-22','1'),(2189,89,'2024-01-22','1'),(2190,90,'2024-01-22','0'),(2191,91,'2024-01-22','0'),(2192,92,'2024-01-22','0'),(2193,93,'2024-01-22','1'),(2194,94,'2024-01-22','1'),(2195,95,'2024-01-22','1'),(2196,96,'2024-01-22','0'),(2197,97,'2024-01-22','0'),(2198,98,'2024-01-22','0'),(2199,99,'2024-01-22','0'),(2200,100,'2024-01-22','0'),(2201,1,'2024-01-23','1'),(2202,2,'2024-01-23','1'),(2203,3,'2024-01-23','1'),(2204,4,'2024-01-23','1'),(2205,5,'2024-01-23','1'),(2206,6,'2024-01-23','0'),(2207,7,'2024-01-23','0'),(2208,8,'2024-01-23','0'),(2209,9,'2024-01-23','0'),(2210,10,'2024-01-23','1'),(2211,11,'2024-01-23','1'),(2212,12,'2024-01-23','1'),(2213,13,'2024-01-23','1'),(2214,14,'2024-01-23','1'),(2215,15,'2024-01-23','1'),(2216,16,'2024-01-23','1'),(2217,17,'2024-01-23','1'),(2218,18,'2024-01-23','0'),(2219,19,'2024-01-23','0'),(2220,20,'2024-01-23','0'),(2221,21,'2024-01-23','0'),(2222,22,'2024-01-23','0'),(2223,23,'2024-01-23','0'),(2224,24,'2024-01-23','0'),(2225,25,'2024-01-23','0'),(2226,26,'2024-01-23','1'),(2227,27,'2024-01-23','1'),(2228,28,'2024-01-23','0'),(2229,29,'2024-01-23','0'),(2230,30,'2024-01-23','1'),(2231,31,'2024-01-23','1'),(2232,32,'2024-01-23','1'),(2233,33,'2024-01-23','1'),(2234,34,'2024-01-23','1'),(2235,35,'2024-01-23','1'),(2236,36,'2024-01-23','1'),(2237,37,'2024-01-23','1'),(2238,38,'2024-01-23','0'),(2239,39,'2024-01-23','0'),(2240,40,'2024-01-23','0'),(2241,41,'2024-01-23','0'),(2242,42,'2024-01-23','0'),(2243,43,'2024-01-23','0'),(2244,44,'2024-01-23','0'),(2245,45,'2024-01-23','0'),(2246,46,'2024-01-23','0'),(2247,47,'2024-01-23','0'),(2248,48,'2024-01-23','0'),(2249,49,'2024-01-23','0'),(2250,50,'2024-01-23','0'),(2251,51,'2024-01-23','1'),(2252,52,'2024-01-23','1'),(2253,53,'2024-01-23','1'),(2254,54,'2024-01-23','1'),(2255,55,'2024-01-23','1'),(2256,56,'2024-01-23','1'),(2257,57,'2024-01-23','1'),(2258,58,'2024-01-23','0'),(2259,59,'2024-01-23','0'),(2260,60,'2024-01-23','0'),(2261,61,'2024-01-23','0'),(2262,62,'2024-01-23','0'),(2263,63,'2024-01-23','0'),(2264,64,'2024-01-23','0'),(2265,65,'2024-01-23','0'),(2266,66,'2024-01-23','1'),(2267,67,'2024-01-23','1'),(2268,68,'2024-01-23','1'),(2269,69,'2024-01-23','1'),(2270,70,'2024-01-23','1'),(2271,71,'2024-01-23','0'),(2272,72,'2024-01-23','0'),(2273,73,'2024-01-23','0'),(2274,74,'2024-01-23','0'),(2275,75,'2024-01-23','0'),(2276,76,'2024-01-23','0'),(2277,77,'2024-01-23','0'),(2278,78,'2024-01-23','0'),(2279,79,'2024-01-23','0'),(2280,80,'2024-01-23','0'),(2281,81,'2024-01-23','0'),(2282,82,'2024-01-23','0'),(2283,83,'2024-01-23','1'),(2284,84,'2024-01-23','1'),(2285,85,'2024-01-23','1'),(2286,86,'2024-01-23','0'),(2287,87,'2024-01-23','1'),(2288,88,'2024-01-23','1'),(2289,89,'2024-01-23','1'),(2290,90,'2024-01-23','0'),(2291,91,'2024-01-23','0'),(2292,92,'2024-01-23','0'),(2293,93,'2024-01-23','1'),(2294,94,'2024-01-23','1'),(2295,95,'2024-01-23','1'),(2296,96,'2024-01-23','0'),(2297,97,'2024-01-23','0'),(2298,98,'2024-01-23','0'),(2299,99,'2024-01-23','0'),(2300,100,'2024-01-23','0'),(2301,1,'2024-01-24','1'),(2302,2,'2024-01-24','1'),(2303,3,'2024-01-24','1'),(2304,4,'2024-01-24','1'),(2305,5,'2024-01-24','1'),(2306,6,'2024-01-24','0'),(2307,7,'2024-01-24','0'),(2308,8,'2024-01-24','0'),(2309,9,'2024-01-24','0'),(2310,10,'2024-01-24','1'),(2311,11,'2024-01-24','1'),(2312,12,'2024-01-24','1'),(2313,13,'2024-01-24','1'),(2314,14,'2024-01-24','1'),(2315,15,'2024-01-24','1'),(2316,16,'2024-01-24','1'),(2317,17,'2024-01-24','1'),(2318,18,'2024-01-24','0'),(2319,19,'2024-01-24','0'),(2320,20,'2024-01-24','0'),(2321,21,'2024-01-24','0'),(2322,22,'2024-01-24','0'),(2323,23,'2024-01-24','0'),(2324,24,'2024-01-24','0'),(2325,25,'2024-01-24','0'),(2326,26,'2024-01-24','1'),(2327,27,'2024-01-24','1'),(2328,28,'2024-01-24','0'),(2329,29,'2024-01-24','0'),(2330,30,'2024-01-24','1'),(2331,31,'2024-01-24','1'),(2332,32,'2024-01-24','1'),(2333,33,'2024-01-24','1'),(2334,34,'2024-01-24','1'),(2335,35,'2024-01-24','1'),(2336,36,'2024-01-24','1'),(2337,37,'2024-01-24','1'),(2338,38,'2024-01-24','0'),(2339,39,'2024-01-24','0'),(2340,40,'2024-01-24','0'),(2341,41,'2024-01-24','0'),(2342,42,'2024-01-24','0'),(2343,43,'2024-01-24','0'),(2344,44,'2024-01-24','0'),(2345,45,'2024-01-24','0'),(2346,46,'2024-01-24','0'),(2347,47,'2024-01-24','0'),(2348,48,'2024-01-24','0'),(2349,49,'2024-01-24','0'),(2350,50,'2024-01-24','0'),(2351,51,'2024-01-24','1'),(2352,52,'2024-01-24','1'),(2353,53,'2024-01-24','1'),(2354,54,'2024-01-24','1'),(2355,55,'2024-01-24','1'),(2356,56,'2024-01-24','1'),(2357,57,'2024-01-24','1'),(2358,58,'2024-01-24','0'),(2359,59,'2024-01-24','0'),(2360,60,'2024-01-24','0'),(2361,61,'2024-01-24','0'),(2362,62,'2024-01-24','0'),(2363,63,'2024-01-24','0'),(2364,64,'2024-01-24','0'),(2365,65,'2024-01-24','0'),(2366,66,'2024-01-24','1'),(2367,67,'2024-01-24','1'),(2368,68,'2024-01-24','1'),(2369,69,'2024-01-24','1'),(2370,70,'2024-01-24','1'),(2371,71,'2024-01-24','0'),(2372,72,'2024-01-24','0'),(2373,73,'2024-01-24','0'),(2374,74,'2024-01-24','0'),(2375,75,'2024-01-24','0'),(2376,76,'2024-01-24','0'),(2377,77,'2024-01-24','0'),(2378,78,'2024-01-24','0'),(2379,79,'2024-01-24','0'),(2380,80,'2024-01-24','0'),(2381,81,'2024-01-24','0'),(2382,82,'2024-01-24','0'),(2383,83,'2024-01-24','1'),(2384,84,'2024-01-24','1'),(2385,85,'2024-01-24','1'),(2386,86,'2024-01-24','0'),(2387,87,'2024-01-24','1'),(2388,88,'2024-01-24','1'),(2389,89,'2024-01-24','1'),(2390,90,'2024-01-24','0'),(2391,91,'2024-01-24','0'),(2392,92,'2024-01-24','0'),(2393,93,'2024-01-24','1'),(2394,94,'2024-01-24','1'),(2395,95,'2024-01-24','1'),(2396,96,'2024-01-24','0'),(2397,97,'2024-01-24','0'),(2398,98,'2024-01-24','0'),(2399,99,'2024-01-24','0'),(2400,100,'2024-01-24','0'),(2401,1,'2024-01-25','1'),(2402,2,'2024-01-25','1'),(2403,3,'2024-01-25','1'),(2404,4,'2024-01-25','1'),(2405,5,'2024-01-25','1'),(2406,6,'2024-01-25','0'),(2407,7,'2024-01-25','0'),(2408,8,'2024-01-25','0'),(2409,9,'2024-01-25','0'),(2410,10,'2024-01-25','1'),(2411,11,'2024-01-25','1'),(2412,12,'2024-01-25','1'),(2413,13,'2024-01-25','1'),(2414,14,'2024-01-25','1'),(2415,15,'2024-01-25','1'),(2416,16,'2024-01-25','1'),(2417,17,'2024-01-25','1'),(2418,18,'2024-01-25','0'),(2419,19,'2024-01-25','0'),(2420,20,'2024-01-25','0'),(2421,21,'2024-01-25','0'),(2422,22,'2024-01-25','0'),(2423,23,'2024-01-25','0'),(2424,24,'2024-01-25','0'),(2425,25,'2024-01-25','0'),(2426,26,'2024-01-25','1'),(2427,27,'2024-01-25','1'),(2428,28,'2024-01-25','0'),(2429,29,'2024-01-25','0'),(2430,30,'2024-01-25','1'),(2431,31,'2024-01-25','1'),(2432,32,'2024-01-25','1'),(2433,33,'2024-01-25','1'),(2434,34,'2024-01-25','1'),(2435,35,'2024-01-25','1'),(2436,36,'2024-01-25','1'),(2437,37,'2024-01-25','1'),(2438,38,'2024-01-25','0'),(2439,39,'2024-01-25','0'),(2440,40,'2024-01-25','0'),(2441,41,'2024-01-25','0'),(2442,42,'2024-01-25','0'),(2443,43,'2024-01-25','0'),(2444,44,'2024-01-25','0'),(2445,45,'2024-01-25','0'),(2446,46,'2024-01-25','0'),(2447,47,'2024-01-25','0'),(2448,48,'2024-01-25','0'),(2449,49,'2024-01-25','0'),(2450,50,'2024-01-25','0'),(2451,51,'2024-01-25','1'),(2452,52,'2024-01-25','1'),(2453,53,'2024-01-25','1'),(2454,54,'2024-01-25','1'),(2455,55,'2024-01-25','1'),(2456,56,'2024-01-25','1'),(2457,57,'2024-01-25','1'),(2458,58,'2024-01-25','0'),(2459,59,'2024-01-25','0'),(2460,60,'2024-01-25','0'),(2461,61,'2024-01-25','0'),(2462,62,'2024-01-25','0'),(2463,63,'2024-01-25','0'),(2464,64,'2024-01-25','0'),(2465,65,'2024-01-25','0'),(2466,66,'2024-01-25','1'),(2467,67,'2024-01-25','1'),(2468,68,'2024-01-25','1'),(2469,69,'2024-01-25','1'),(2470,70,'2024-01-25','1'),(2471,71,'2024-01-25','0'),(2472,72,'2024-01-25','0'),(2473,73,'2024-01-25','0'),(2474,74,'2024-01-25','0'),(2475,75,'2024-01-25','0'),(2476,76,'2024-01-25','0'),(2477,77,'2024-01-25','0'),(2478,78,'2024-01-25','0'),(2479,79,'2024-01-25','0'),(2480,80,'2024-01-25','0'),(2481,81,'2024-01-25','0'),(2482,82,'2024-01-25','0'),(2483,83,'2024-01-25','1'),(2484,84,'2024-01-25','1'),(2485,85,'2024-01-25','1'),(2486,86,'2024-01-25','0'),(2487,87,'2024-01-25','1'),(2488,88,'2024-01-25','1'),(2489,89,'2024-01-25','1'),(2490,90,'2024-01-25','0'),(2491,91,'2024-01-25','0'),(2492,92,'2024-01-25','0'),(2493,93,'2024-01-25','1'),(2494,94,'2024-01-25','1'),(2495,95,'2024-01-25','1'),(2496,96,'2024-01-25','0'),(2497,97,'2024-01-25','0'),(2498,98,'2024-01-25','0'),(2499,99,'2024-01-25','0'),(2500,100,'2024-01-25','0'),(2501,1,'2024-01-26','1'),(2502,2,'2024-01-26','1'),(2503,3,'2024-01-26','1'),(2504,4,'2024-01-26','1'),(2505,5,'2024-01-26','1'),(2506,6,'2024-01-26','0'),(2507,7,'2024-01-26','0'),(2508,8,'2024-01-26','0'),(2509,9,'2024-01-26','0'),(2510,10,'2024-01-26','1'),(2511,11,'2024-01-26','1'),(2512,12,'2024-01-26','1'),(2513,13,'2024-01-26','1'),(2514,14,'2024-01-26','1'),(2515,15,'2024-01-26','1'),(2516,16,'2024-01-26','1'),(2517,17,'2024-01-26','1'),(2518,18,'2024-01-26','0'),(2519,19,'2024-01-26','0'),(2520,20,'2024-01-26','0'),(2521,21,'2024-01-26','0'),(2522,22,'2024-01-26','0'),(2523,23,'2024-01-26','0'),(2524,24,'2024-01-26','0'),(2525,25,'2024-01-26','0'),(2526,26,'2024-01-26','1'),(2527,27,'2024-01-26','1'),(2528,28,'2024-01-26','0'),(2529,29,'2024-01-26','0'),(2530,30,'2024-01-26','1'),(2531,31,'2024-01-26','1'),(2532,32,'2024-01-26','1'),(2533,33,'2024-01-26','1'),(2534,34,'2024-01-26','1'),(2535,35,'2024-01-26','1'),(2536,36,'2024-01-26','1'),(2537,37,'2024-01-26','1'),(2538,38,'2024-01-26','0'),(2539,39,'2024-01-26','0'),(2540,40,'2024-01-26','0'),(2541,41,'2024-01-26','0'),(2542,42,'2024-01-26','0'),(2543,43,'2024-01-26','0'),(2544,44,'2024-01-26','0'),(2545,45,'2024-01-26','0'),(2546,46,'2024-01-26','0'),(2547,47,'2024-01-26','0'),(2548,48,'2024-01-26','0'),(2549,49,'2024-01-26','0'),(2550,50,'2024-01-26','0'),(2551,51,'2024-01-26','1'),(2552,52,'2024-01-26','1'),(2553,53,'2024-01-26','1'),(2554,54,'2024-01-26','1'),(2555,55,'2024-01-26','1'),(2556,56,'2024-01-26','1'),(2557,57,'2024-01-26','1'),(2558,58,'2024-01-26','0'),(2559,59,'2024-01-26','0'),(2560,60,'2024-01-26','0'),(2561,61,'2024-01-26','0'),(2562,62,'2024-01-26','0'),(2563,63,'2024-01-26','0'),(2564,64,'2024-01-26','0'),(2565,65,'2024-01-26','0'),(2566,66,'2024-01-26','1'),(2567,67,'2024-01-26','1'),(2568,68,'2024-01-26','1'),(2569,69,'2024-01-26','1'),(2570,70,'2024-01-26','1'),(2571,71,'2024-01-26','0'),(2572,72,'2024-01-26','0'),(2573,73,'2024-01-26','0'),(2574,74,'2024-01-26','0'),(2575,75,'2024-01-26','0'),(2576,76,'2024-01-26','0'),(2577,77,'2024-01-26','0'),(2578,78,'2024-01-26','0'),(2579,79,'2024-01-26','0'),(2580,80,'2024-01-26','0'),(2581,81,'2024-01-26','0'),(2582,82,'2024-01-26','0'),(2583,83,'2024-01-26','1'),(2584,84,'2024-01-26','1'),(2585,85,'2024-01-26','1'),(2586,86,'2024-01-26','0'),(2587,87,'2024-01-26','1'),(2588,88,'2024-01-26','1'),(2589,89,'2024-01-26','1'),(2590,90,'2024-01-26','0'),(2591,91,'2024-01-26','0'),(2592,92,'2024-01-26','0'),(2593,93,'2024-01-26','1'),(2594,94,'2024-01-26','1'),(2595,95,'2024-01-26','1'),(2596,96,'2024-01-26','0'),(2597,97,'2024-01-26','0'),(2598,98,'2024-01-26','0'),(2599,99,'2024-01-26','0'),(2600,100,'2024-01-26','0'),(2601,1,'2024-01-27','1'),(2602,2,'2024-01-27','1'),(2603,3,'2024-01-27','1'),(2604,4,'2024-01-27','1'),(2605,5,'2024-01-27','1'),(2606,6,'2024-01-27','0'),(2607,7,'2024-01-27','0'),(2608,8,'2024-01-27','0'),(2609,9,'2024-01-27','0'),(2610,10,'2024-01-27','1'),(2611,11,'2024-01-27','1'),(2612,12,'2024-01-27','1'),(2613,13,'2024-01-27','1'),(2614,14,'2024-01-27','1'),(2615,15,'2024-01-27','1'),(2616,16,'2024-01-27','1'),(2617,17,'2024-01-27','1'),(2618,18,'2024-01-27','0'),(2619,19,'2024-01-27','0'),(2620,20,'2024-01-27','0'),(2621,21,'2024-01-27','0'),(2622,22,'2024-01-27','0'),(2623,23,'2024-01-27','0'),(2624,24,'2024-01-27','0'),(2625,25,'2024-01-27','0'),(2626,26,'2024-01-27','1'),(2627,27,'2024-01-27','1'),(2628,28,'2024-01-27','0'),(2629,29,'2024-01-27','0'),(2630,30,'2024-01-27','1'),(2631,31,'2024-01-27','1'),(2632,32,'2024-01-27','1'),(2633,33,'2024-01-27','1'),(2634,34,'2024-01-27','1'),(2635,35,'2024-01-27','1'),(2636,36,'2024-01-27','1'),(2637,37,'2024-01-27','1'),(2638,38,'2024-01-27','0'),(2639,39,'2024-01-27','0'),(2640,40,'2024-01-27','0'),(2641,41,'2024-01-27','0'),(2642,42,'2024-01-27','0'),(2643,43,'2024-01-27','0'),(2644,44,'2024-01-27','0'),(2645,45,'2024-01-27','0'),(2646,46,'2024-01-27','0'),(2647,47,'2024-01-27','0'),(2648,48,'2024-01-27','0'),(2649,49,'2024-01-27','0'),(2650,50,'2024-01-27','0'),(2651,51,'2024-01-27','1'),(2652,52,'2024-01-27','1'),(2653,53,'2024-01-27','1'),(2654,54,'2024-01-27','1'),(2655,55,'2024-01-27','1'),(2656,56,'2024-01-27','1'),(2657,57,'2024-01-27','1'),(2658,58,'2024-01-27','0'),(2659,59,'2024-01-27','0'),(2660,60,'2024-01-27','0'),(2661,61,'2024-01-27','0'),(2662,62,'2024-01-27','0'),(2663,63,'2024-01-27','0'),(2664,64,'2024-01-27','0'),(2665,65,'2024-01-27','0'),(2666,66,'2024-01-27','1'),(2667,67,'2024-01-27','1'),(2668,68,'2024-01-27','1'),(2669,69,'2024-01-27','1'),(2670,70,'2024-01-27','1'),(2671,71,'2024-01-27','0'),(2672,72,'2024-01-27','0'),(2673,73,'2024-01-27','0'),(2674,74,'2024-01-27','0'),(2675,75,'2024-01-27','0'),(2676,76,'2024-01-27','0'),(2677,77,'2024-01-27','0'),(2678,78,'2024-01-27','0'),(2679,79,'2024-01-27','0'),(2680,80,'2024-01-27','0'),(2681,81,'2024-01-27','0'),(2682,82,'2024-01-27','0'),(2683,83,'2024-01-27','1'),(2684,84,'2024-01-27','1'),(2685,85,'2024-01-27','1'),(2686,86,'2024-01-27','0'),(2687,87,'2024-01-27','1'),(2688,88,'2024-01-27','1'),(2689,89,'2024-01-27','1'),(2690,90,'2024-01-27','0'),(2691,91,'2024-01-27','0'),(2692,92,'2024-01-27','0'),(2693,93,'2024-01-27','1'),(2694,94,'2024-01-27','1'),(2695,95,'2024-01-27','1'),(2696,96,'2024-01-27','0'),(2697,97,'2024-01-27','0'),(2698,98,'2024-01-27','0'),(2699,99,'2024-01-27','0'),(2700,100,'2024-01-27','0'),(2701,1,'2024-01-28','1'),(2702,2,'2024-01-28','1'),(2703,3,'2024-01-28','1'),(2704,4,'2024-01-28','1'),(2705,5,'2024-01-28','1'),(2706,6,'2024-01-28','0'),(2707,7,'2024-01-28','0'),(2708,8,'2024-01-28','0'),(2709,9,'2024-01-28','0'),(2710,10,'2024-01-28','1'),(2711,11,'2024-01-28','1'),(2712,12,'2024-01-28','1'),(2713,13,'2024-01-28','1'),(2714,14,'2024-01-28','1'),(2715,15,'2024-01-28','1'),(2716,16,'2024-01-28','1'),(2717,17,'2024-01-28','1'),(2718,18,'2024-01-28','0'),(2719,19,'2024-01-28','0'),(2720,20,'2024-01-28','0'),(2721,21,'2024-01-28','0'),(2722,22,'2024-01-28','0'),(2723,23,'2024-01-28','0'),(2724,24,'2024-01-28','0'),(2725,25,'2024-01-28','0'),(2726,26,'2024-01-28','1'),(2727,27,'2024-01-28','1'),(2728,28,'2024-01-28','0'),(2729,29,'2024-01-28','0'),(2730,30,'2024-01-28','1'),(2731,31,'2024-01-28','1'),(2732,32,'2024-01-28','1'),(2733,33,'2024-01-28','1'),(2734,34,'2024-01-28','1'),(2735,35,'2024-01-28','1'),(2736,36,'2024-01-28','1'),(2737,37,'2024-01-28','1'),(2738,38,'2024-01-28','0'),(2739,39,'2024-01-28','0'),(2740,40,'2024-01-28','0'),(2741,41,'2024-01-28','0'),(2742,42,'2024-01-28','0'),(2743,43,'2024-01-28','0'),(2744,44,'2024-01-28','0'),(2745,45,'2024-01-28','0'),(2746,46,'2024-01-28','0'),(2747,47,'2024-01-28','0'),(2748,48,'2024-01-28','0'),(2749,49,'2024-01-28','0'),(2750,50,'2024-01-28','0'),(2751,51,'2024-01-28','1'),(2752,52,'2024-01-28','1'),(2753,53,'2024-01-28','1'),(2754,54,'2024-01-28','1'),(2755,55,'2024-01-28','1'),(2756,56,'2024-01-28','1'),(2757,57,'2024-01-28','1'),(2758,58,'2024-01-28','0'),(2759,59,'2024-01-28','0'),(2760,60,'2024-01-28','0'),(2761,61,'2024-01-28','0'),(2762,62,'2024-01-28','0'),(2763,63,'2024-01-28','0'),(2764,64,'2024-01-28','0'),(2765,65,'2024-01-28','0'),(2766,66,'2024-01-28','1'),(2767,67,'2024-01-28','1'),(2768,68,'2024-01-28','1'),(2769,69,'2024-01-28','1'),(2770,70,'2024-01-28','1'),(2771,71,'2024-01-28','0'),(2772,72,'2024-01-28','0'),(2773,73,'2024-01-28','0'),(2774,74,'2024-01-28','0'),(2775,75,'2024-01-28','0'),(2776,76,'2024-01-28','0'),(2777,77,'2024-01-28','0'),(2778,78,'2024-01-28','0'),(2779,79,'2024-01-28','0'),(2780,80,'2024-01-28','0'),(2781,81,'2024-01-28','0'),(2782,82,'2024-01-28','0'),(2783,83,'2024-01-28','1'),(2784,84,'2024-01-28','1'),(2785,85,'2024-01-28','1'),(2786,86,'2024-01-28','0'),(2787,87,'2024-01-28','1'),(2788,88,'2024-01-28','1'),(2789,89,'2024-01-28','1'),(2790,90,'2024-01-28','0'),(2791,91,'2024-01-28','0'),(2792,92,'2024-01-28','0'),(2793,93,'2024-01-28','1'),(2794,94,'2024-01-28','1'),(2795,95,'2024-01-28','1'),(2796,96,'2024-01-28','0'),(2797,97,'2024-01-28','0'),(2798,98,'2024-01-28','0'),(2799,99,'2024-01-28','0'),(2800,100,'2024-01-28','0'),(2801,1,'2024-01-29','1'),(2802,2,'2024-01-29','1'),(2803,3,'2024-01-29','1'),(2804,4,'2024-01-29','1'),(2805,5,'2024-01-29','1'),(2806,6,'2024-01-29','0'),(2807,7,'2024-01-29','0'),(2808,8,'2024-01-29','0'),(2809,9,'2024-01-29','0'),(2810,10,'2024-01-29','1'),(2811,11,'2024-01-29','1'),(2812,12,'2024-01-29','1'),(2813,13,'2024-01-29','1'),(2814,14,'2024-01-29','1'),(2815,15,'2024-01-29','1'),(2816,16,'2024-01-29','1'),(2817,17,'2024-01-29','1'),(2818,18,'2024-01-29','0'),(2819,19,'2024-01-29','0'),(2820,20,'2024-01-29','0'),(2821,21,'2024-01-29','0'),(2822,22,'2024-01-29','0'),(2823,23,'2024-01-29','0'),(2824,24,'2024-01-29','0'),(2825,25,'2024-01-29','0'),(2826,26,'2024-01-29','1'),(2827,27,'2024-01-29','1'),(2828,28,'2024-01-29','0'),(2829,29,'2024-01-29','0'),(2830,30,'2024-01-29','1'),(2831,31,'2024-01-29','1'),(2832,32,'2024-01-29','1'),(2833,33,'2024-01-29','1'),(2834,34,'2024-01-29','1'),(2835,35,'2024-01-29','1'),(2836,36,'2024-01-29','1'),(2837,37,'2024-01-29','1'),(2838,38,'2024-01-29','0'),(2839,39,'2024-01-29','0'),(2840,40,'2024-01-29','0'),(2841,41,'2024-01-29','0'),(2842,42,'2024-01-29','0'),(2843,43,'2024-01-29','0'),(2844,44,'2024-01-29','0'),(2845,45,'2024-01-29','0'),(2846,46,'2024-01-29','0'),(2847,47,'2024-01-29','0'),(2848,48,'2024-01-29','0'),(2849,49,'2024-01-29','0'),(2850,50,'2024-01-29','0'),(2851,51,'2024-01-29','1'),(2852,52,'2024-01-29','1'),(2853,53,'2024-01-29','1'),(2854,54,'2024-01-29','1'),(2855,55,'2024-01-29','1'),(2856,56,'2024-01-29','1'),(2857,57,'2024-01-29','1'),(2858,58,'2024-01-29','0'),(2859,59,'2024-01-29','0'),(2860,60,'2024-01-29','0'),(2861,61,'2024-01-29','0'),(2862,62,'2024-01-29','0'),(2863,63,'2024-01-29','0'),(2864,64,'2024-01-29','0'),(2865,65,'2024-01-29','0'),(2866,66,'2024-01-29','1'),(2867,67,'2024-01-29','1'),(2868,68,'2024-01-29','1'),(2869,69,'2024-01-29','1'),(2870,70,'2024-01-29','1'),(2871,71,'2024-01-29','0'),(2872,72,'2024-01-29','0'),(2873,73,'2024-01-29','0'),(2874,74,'2024-01-29','0'),(2875,75,'2024-01-29','0'),(2876,76,'2024-01-29','0'),(2877,77,'2024-01-29','0'),(2878,78,'2024-01-29','0'),(2879,79,'2024-01-29','0'),(2880,80,'2024-01-29','0'),(2881,81,'2024-01-29','0'),(2882,82,'2024-01-29','0'),(2883,83,'2024-01-29','1'),(2884,84,'2024-01-29','1'),(2885,85,'2024-01-29','1'),(2886,86,'2024-01-29','0'),(2887,87,'2024-01-29','1'),(2888,88,'2024-01-29','1'),(2889,89,'2024-01-29','1'),(2890,90,'2024-01-29','0'),(2891,91,'2024-01-29','0'),(2892,92,'2024-01-29','0'),(2893,93,'2024-01-29','1'),(2894,94,'2024-01-29','1'),(2895,95,'2024-01-29','1'),(2896,96,'2024-01-29','0'),(2897,97,'2024-01-29','0'),(2898,98,'2024-01-29','0'),(2899,99,'2024-01-29','0'),(2900,100,'2024-01-29','0'),(2901,1,'2024-01-30','1'),(2902,2,'2024-01-30','1'),(2903,3,'2024-01-30','1'),(2904,4,'2024-01-30','1'),(2905,5,'2024-01-30','1'),(2906,6,'2024-01-30','0'),(2907,7,'2024-01-30','0'),(2908,8,'2024-01-30','0'),(2909,9,'2024-01-30','0'),(2910,10,'2024-01-30','1'),(2911,11,'2024-01-30','1'),(2912,12,'2024-01-30','1'),(2913,13,'2024-01-30','1'),(2914,14,'2024-01-30','1'),(2915,15,'2024-01-30','1'),(2916,16,'2024-01-30','1'),(2917,17,'2024-01-30','1'),(2918,18,'2024-01-30','0'),(2919,19,'2024-01-30','0'),(2920,20,'2024-01-30','0'),(2921,21,'2024-01-30','0'),(2922,22,'2024-01-30','0'),(2923,23,'2024-01-30','0'),(2924,24,'2024-01-30','0'),(2925,25,'2024-01-30','0'),(2926,26,'2024-01-30','1'),(2927,27,'2024-01-30','1'),(2928,28,'2024-01-30','0'),(2929,29,'2024-01-30','0'),(2930,30,'2024-01-30','1'),(2931,31,'2024-01-30','1'),(2932,32,'2024-01-30','1'),(2933,33,'2024-01-30','1'),(2934,34,'2024-01-30','1'),(2935,35,'2024-01-30','1'),(2936,36,'2024-01-30','1'),(2937,37,'2024-01-30','1'),(2938,38,'2024-01-30','0'),(2939,39,'2024-01-30','0'),(2940,40,'2024-01-30','0'),(2941,41,'2024-01-30','0'),(2942,42,'2024-01-30','0'),(2943,43,'2024-01-30','0'),(2944,44,'2024-01-30','0'),(2945,45,'2024-01-30','0'),(2946,46,'2024-01-30','0'),(2947,47,'2024-01-30','0'),(2948,48,'2024-01-30','0'),(2949,49,'2024-01-30','0'),(2950,50,'2024-01-30','0'),(2951,51,'2024-01-30','1'),(2952,52,'2024-01-30','1'),(2953,53,'2024-01-30','1'),(2954,54,'2024-01-30','1'),(2955,55,'2024-01-30','1'),(2956,56,'2024-01-30','1'),(2957,57,'2024-01-30','1'),(2958,58,'2024-01-30','0'),(2959,59,'2024-01-30','0'),(2960,60,'2024-01-30','0'),(2961,61,'2024-01-30','0'),(2962,62,'2024-01-30','0'),(2963,63,'2024-01-30','0'),(2964,64,'2024-01-30','0'),(2965,65,'2024-01-30','0'),(2966,66,'2024-01-30','1'),(2967,67,'2024-01-30','1'),(2968,68,'2024-01-30','1'),(2969,69,'2024-01-30','1'),(2970,70,'2024-01-30','1'),(2971,71,'2024-01-30','0'),(2972,72,'2024-01-30','0'),(2973,73,'2024-01-30','0'),(2974,74,'2024-01-30','0'),(2975,75,'2024-01-30','0'),(2976,76,'2024-01-30','0'),(2977,77,'2024-01-30','0'),(2978,78,'2024-01-30','0'),(2979,79,'2024-01-30','0'),(2980,80,'2024-01-30','0'),(2981,81,'2024-01-30','0'),(2982,82,'2024-01-30','0'),(2983,83,'2024-01-30','1'),(2984,84,'2024-01-30','1'),(2985,85,'2024-01-30','1'),(2986,86,'2024-01-30','0'),(2987,87,'2024-01-30','1'),(2988,88,'2024-01-30','1'),(2989,89,'2024-01-30','1'),(2990,90,'2024-01-30','0'),(2991,91,'2024-01-30','0'),(2992,92,'2024-01-30','0'),(2993,93,'2024-01-30','1'),(2994,94,'2024-01-30','1'),(2995,95,'2024-01-30','1'),(2996,96,'2024-01-30','0'),(2997,97,'2024-01-30','0'),(2998,98,'2024-01-30','0'),(2999,99,'2024-01-30','0'),(3000,100,'2024-01-30','0');
/*!40000 ALTER TABLE `attendence_master` ENABLE KEYS */;
UNLOCK TABLES;

--
-- Table structure for table `exam_master`
--

DROP TABLE IF EXISTS `exam_master`;
/*!40101 SET @saved_cs_client     = @@character_set_client */;
/*!50503 SET character_set_client = utf8mb4 */;
CREATE TABLE `exam_master` (
  `emId` int NOT NULL AUTO_INCREMENT,
  `emtype1` varchar(20) NOT NULL,
  `emtype2` varchar(20) NOT NULL,
  `marks` int NOT NULL,
  PRIMARY KEY (`emId`),
  CONSTRAINT `exam_master_chk_1` CHECK ((`emtype2` in (_utf8mb4'practical',_utf8mb4'theory',_utf8mb4'final'))),
  CONSTRAINT `exam_master_chk_2` CHECK ((`emtype1` in (_utf8mb4'terminal',_utf8mb4'preliminary',_utf8mb4'final')))
) ENGINE=InnoDB AUTO_INCREMENT=7 DEFAULT CHARSET=utf8mb4 COLLATE=utf8mb4_0900_ai_ci;
/*!40101 SET character_set_client = @saved_cs_client */;

--
-- Dumping data for table `exam_master`
--

LOCK TABLES `exam_master` WRITE;
/*!40000 ALTER TABLE `exam_master` DISABLE KEYS */;
INSERT INTO `exam_master` VALUES (1,'terminal','practical',20),(2,'terminal','theory',30),(3,'final','practical',50),(4,'final','theory',50),(5,'preliminary','practical',40),(6,'preliminary','theory',60);
/*!40000 ALTER TABLE `exam_master` ENABLE KEYS */;
UNLOCK TABLES;

--
-- Table structure for table `exam_result`
--

DROP TABLE IF EXISTS `exam_result`;
/*!40101 SET @saved_cs_client     = @@character_set_client */;
/*!50503 SET character_set_client = utf8mb4 */;
CREATE TABLE `exam_result` (
  `id` int NOT NULL AUTO_INCREMENT,
  `subid` int NOT NULL,
  `sid` int NOT NULL,
  `examdate` date DEFAULT NULL,
  `examtype` int NOT NULL,
  `attend` int NOT NULL,
  `obtainedmarks` int NOT NULL,
  PRIMARY KEY (`id`),
  KEY `examtype` (`examtype`),
  KEY `subid` (`subid`),
  KEY `sid` (`sid`),
  CONSTRAINT `exam_result_ibfk_1` FOREIGN KEY (`examtype`) REFERENCES `exam_master` (`emId`),
  CONSTRAINT `exam_result_ibfk_2` FOREIGN KEY (`subid`) REFERENCES `subject_master` (`subid`),
  CONSTRAINT `exam_result_ibfk_3` FOREIGN KEY (`sid`) REFERENCES `student_master` (`sid`),
  CONSTRAINT `exam_result_chk_1` CHECK ((`attend` in (0,1)))
) ENGINE=InnoDB AUTO_INCREMENT=3601 DEFAULT CHARSET=utf8mb4 COLLATE=utf8mb4_0900_ai_ci;
/*!40101 SET character_set_client = @saved_cs_client */;

--
-- Dumping data for table `exam_result`
--

LOCK TABLES `exam_result` WRITE;
/*!40000 ALTER TABLE `exam_result` DISABLE KEYS */;
INSERT INTO `exam_result` VALUES (1,1,1,'2024-01-29',1,1,20),(2,1,2,'2024-01-29',1,1,20),(3,1,3,'2024-01-29',1,1,18),(4,1,4,'2024-01-29',1,1,18),(5,1,5,'2024-01-29',1,1,20),(6,1,6,'2024-01-29',1,1,13),(7,1,7,'2024-01-29',1,1,20),(8,1,8,'2024-01-29',1,1,20),(9,1,9,'2024-01-29',1,1,20),(10,1,10,'2024-01-29',1,1,20),(11,1,11,'2024-01-29',1,1,18),(12,1,12,'2024-01-29',1,1,18),(13,1,13,'2024-01-29',1,0,0),(14,1,14,'2024-01-29',1,0,0),(15,1,15,'2024-01-29',1,1,20),(16,1,16,'2024-01-29',1,1,20),(17,1,17,'2024-01-29',1,1,20),(18,1,18,'2024-01-29',1,1,20),(19,1,19,'2024-01-29',1,1,4),(20,1,20,'2024-01-29',1,1,12),(21,1,21,'2024-01-29',1,1,18),(22,1,22,'2024-01-29',1,1,20),(23,1,23,'2024-01-29',1,1,18),(24,1,24,'2024-01-29',1,1,18),(25,1,25,'2024-01-29',1,0,0),(26,1,26,'2024-01-29',1,0,0),(27,1,27,'2024-01-29',1,1,18),(28,1,28,'2024-01-29',1,0,0),(29,1,29,'2024-01-29',1,1,20),(30,1,30,'2024-01-29',1,1,18),(31,1,31,'2024-01-29',1,1,20),(32,1,32,'2024-01-29',1,1,20),(33,1,33,'2024-01-29',1,1,16),(34,1,34,'2024-01-29',1,1,20),(35,1,35,'2024-01-29',1,1,20),(36,1,36,'2024-01-29',1,1,18),(37,1,37,'2024-01-29',1,1,17),(38,1,38,'2024-01-29',1,1,20),(39,1,39,'2024-01-29',1,0,0),(40,1,40,'2024-01-29',1,0,0),(41,1,41,'2024-01-29',1,0,0),(42,1,42,'2024-01-29',1,1,20),(43,1,43,'2024-01-29',1,1,20),(44,1,44,'2024-01-29',1,1,20),(45,1,45,'2024-01-29',1,1,18),(46,1,46,'2024-01-29',1,1,20),(47,1,47,'2024-01-29',1,1,16),(48,1,48,'2024-01-29',1,1,20),(49,1,49,'2024-01-29',1,1,20),(50,1,50,'2024-01-29',1,1,20),(51,1,51,'2024-01-29',1,1,20),(52,1,52,'2024-01-29',1,1,16),(53,1,53,'2024-01-29',1,1,20),(54,1,54,'2024-01-29',1,1,20),(55,1,55,'2024-01-29',1,1,20),(56,1,56,'2024-01-29',1,1,18),(57,1,57,'2024-01-29',1,1,18),(58,1,58,'2024-01-29',1,0,0),(59,1,59,'2024-01-29',1,0,0),(60,1,60,'2024-01-29',1,1,20),(61,1,61,'2024-01-29',1,1,4),(62,1,62,'2024-01-29',1,1,2),(63,1,63,'2024-01-29',1,1,2),(64,1,64,'2024-01-29',1,1,12),(65,1,65,'2024-01-29',1,1,20),(66,1,66,'2024-01-29',1,1,20),(67,1,67,'2024-01-29',1,1,20),(68,1,68,'2024-01-29',1,1,12),(69,1,69,'2024-01-29',1,1,12),(70,1,70,'2024-01-29',1,1,20),(71,1,71,'2024-01-29',1,1,20),(72,1,72,'2024-01-29',1,1,20),(73,1,73,'2024-01-29',1,1,20),(74,1,74,'2024-01-29',1,1,20),(75,1,75,'2024-01-29',1,1,20),(76,1,76,'2024-01-29',1,1,3),(77,1,77,'2024-01-29',1,1,10),(78,1,78,'2024-01-29',1,1,18),(79,1,79,'2024-01-29',1,1,20),(80,1,80,'2024-01-29',1,0,0),(81,1,81,'2024-01-29',1,0,0),(82,1,82,'2024-01-29',1,1,18),(83,1,83,'2024-01-29',1,1,14),(84,1,84,'2024-01-29',1,1,20),(85,1,85,'2024-01-29',1,1,20),(86,1,86,'2024-01-29',1,1,14),(87,1,87,'2024-01-29',1,1,20),(88,1,88,'2024-01-29',1,1,20),(89,1,89,'2024-01-29',1,1,18),(90,1,90,'2024-01-29',1,1,18),(91,1,91,'2024-01-29',1,0,0),(92,1,92,'2024-01-29',1,0,0),(93,1,93,'2024-01-29',1,0,0),(94,1,94,'2024-01-29',1,1,20),(95,1,95,'2024-01-29',1,1,2),(96,1,96,'2024-01-29',1,1,20),(97,1,97,'2024-01-29',1,1,13),(98,1,98,'2024-01-29',1,1,20),(99,1,99,'2024-01-29',1,0,0),(100,1,100,'2024-01-29',1,0,0),(101,1,1,'2024-01-29',2,1,20),(102,1,2,'2024-01-29',2,1,30),(103,1,3,'2024-01-29',2,1,30),(104,1,4,'2024-01-29',2,1,30),(105,1,5,'2024-01-29',2,1,20),(106,1,6,'2024-01-29',2,1,13),(107,1,7,'2024-01-29',2,1,30),(108,1,8,'2024-01-29',2,1,30),(109,1,9,'2024-01-29',2,1,30),(110,1,10,'2024-01-29',2,1,30),(111,1,11,'2024-01-29',2,1,30),(112,1,12,'2024-01-29',2,1,30),(113,1,13,'2024-01-29',2,0,0),(114,1,14,'2024-01-29',2,0,0),(115,1,15,'2024-01-29',2,1,20),(116,1,16,'2024-01-29',2,1,30),(117,1,17,'2024-01-29',2,1,20),(118,1,18,'2024-01-29',2,1,30),(119,1,19,'2024-01-29',2,1,4),(120,1,20,'2024-01-29',2,1,12),(121,1,21,'2024-01-29',2,1,18),(122,1,22,'2024-01-29',2,1,30),(123,1,23,'2024-01-29',2,1,30),(124,1,24,'2024-01-29',2,1,30),(125,1,25,'2024-01-29',2,0,0),(126,1,26,'2024-01-29',2,0,0),(127,1,27,'2024-01-29',2,1,30),(128,1,28,'2024-01-29',2,0,0),(129,1,29,'2024-01-29',2,1,20),(130,1,30,'2024-01-29',2,1,18),(131,1,31,'2024-01-29',2,1,20),(132,1,32,'2024-01-29',2,1,30),(133,1,33,'2024-01-29',2,1,16),(134,1,34,'2024-01-29',2,1,20),(135,1,35,'2024-01-29',2,1,20),(136,1,36,'2024-01-29',2,1,30),(137,1,37,'2024-01-29',2,1,17),(138,1,38,'2024-01-29',2,1,30),(139,1,39,'2024-01-29',2,0,0),(140,1,40,'2024-01-29',2,0,0),(141,1,41,'2024-01-29',2,0,0),(142,1,42,'2024-01-29',2,1,30),(143,1,43,'2024-01-29',2,1,30),(144,1,44,'2024-01-29',2,1,30),(145,1,45,'2024-01-29',2,1,30),(146,1,46,'2024-01-29',2,1,20),(147,1,47,'2024-01-29',2,1,16),(148,1,48,'2024-01-29',2,1,30),(149,1,49,'2024-01-29',2,1,30),(150,1,50,'2024-01-29',2,1,30),(151,1,51,'2024-01-29',2,1,30),(152,1,52,'2024-01-29',2,1,16),(153,1,53,'2024-01-29',2,1,30),(154,1,54,'2024-01-29',2,1,30),(155,1,55,'2024-01-29',2,1,30),(156,1,56,'2024-01-29',2,1,30),(157,1,57,'2024-01-29',2,1,30),(158,1,58,'2024-01-29',2,0,0),(159,1,59,'2024-01-29',2,0,0),(160,1,60,'2024-01-29',2,1,30),(161,1,61,'2024-01-29',2,1,4),(162,1,62,'2024-01-29',2,1,2),(163,1,63,'2024-01-29',2,1,2),(164,1,64,'2024-01-29',2,1,12),(165,1,65,'2024-01-29',2,1,30),(166,1,66,'2024-01-29',2,1,30),(167,1,67,'2024-01-29',2,1,20),(168,1,68,'2024-01-29',2,1,12),(169,1,69,'2024-01-29',2,1,12),(170,1,70,'2024-01-29',2,1,30),(171,1,71,'2024-01-29',2,1,30),(172,1,72,'2024-01-29',2,1,30),(173,1,73,'2024-01-29',2,1,30),(174,1,74,'2024-01-29',2,1,30),(175,1,75,'2024-01-29',2,1,30),(176,1,76,'2024-01-29',2,1,3),(177,1,77,'2024-01-29',2,1,10),(178,1,78,'2024-01-29',2,1,30),(179,1,79,'2024-01-29',2,1,30),(180,1,80,'2024-01-29',2,0,0),(181,1,81,'2024-01-29',2,0,0),(182,1,82,'2024-01-29',2,1,30),(183,1,83,'2024-01-29',2,1,14),(184,1,84,'2024-01-29',2,1,30),(185,1,85,'2024-01-29',2,1,30),(186,1,86,'2024-01-29',2,1,14),(187,1,87,'2024-01-29',2,1,30),(188,1,88,'2024-01-29',2,1,30),(189,1,89,'2024-01-29',2,1,30),(190,1,90,'2024-01-29',2,1,30),(191,1,91,'2024-01-29',2,0,0),(192,1,92,'2024-01-29',2,0,0),(193,1,93,'2024-01-29',2,0,0),(194,1,94,'2024-01-29',2,1,30),(195,1,95,'2024-01-29',2,1,2),(196,1,96,'2024-01-29',2,1,20),(197,1,97,'2024-01-29',2,1,13),(198,1,98,'2024-01-29',2,1,30),(199,1,99,'2024-01-29',2,0,0),(200,1,100,'2024-01-29',2,0,0),(201,1,1,'2024-01-28',3,1,20),(202,1,2,'2024-01-28',3,0,0),(203,1,3,'2024-01-28',3,1,40),(204,1,4,'2024-01-28',3,1,40),(205,1,5,'2024-01-28',3,1,20),(206,1,6,'2024-01-28',3,1,13),(207,1,7,'2024-01-28',3,0,0),(208,1,8,'2024-01-28',3,0,0),(209,1,9,'2024-01-28',3,0,0),(210,1,10,'2024-01-28',3,0,0),(211,1,11,'2024-01-28',3,1,40),(212,1,12,'2024-01-28',3,1,40),(213,1,13,'2024-01-28',3,1,50),(214,1,14,'2024-01-28',3,1,50),(215,1,15,'2024-01-28',3,1,20),(216,1,16,'2024-01-28',3,0,0),(217,1,17,'2024-01-28',3,1,20),(218,1,18,'2024-01-28',3,0,0),(219,1,19,'2024-01-28',3,1,4),(220,1,20,'2024-01-28',3,1,12),(221,1,21,'2024-01-28',3,1,18),(222,1,22,'2024-01-28',3,0,0),(223,1,23,'2024-01-28',3,1,40),(224,1,24,'2024-01-28',3,1,40),(225,1,25,'2024-01-28',3,1,50),(226,1,26,'2024-01-28',3,1,50),(227,1,27,'2024-01-28',3,1,40),(228,1,28,'2024-01-28',3,1,50),(229,1,29,'2024-01-28',3,1,20),(230,1,30,'2024-01-28',3,1,18),(231,1,31,'2024-01-28',3,1,20),(232,1,32,'2024-01-28',3,0,0),(233,1,33,'2024-01-28',3,1,16),(234,1,34,'2024-01-28',3,1,20),(235,1,35,'2024-01-28',3,1,20),(236,1,36,'2024-01-28',3,1,40),(237,1,37,'2024-01-28',3,1,17),(238,1,38,'2024-01-28',3,0,0),(239,1,39,'2024-01-28',3,1,50),(240,1,40,'2024-01-28',3,1,50),(241,1,41,'2024-01-28',3,1,50),(242,1,42,'2024-01-28',3,0,0),(243,1,43,'2024-01-28',3,0,0),(244,1,44,'2024-01-28',3,0,0),(245,1,45,'2024-01-28',3,1,40),(246,1,46,'2024-01-28',3,1,20),(247,1,47,'2024-01-28',3,1,16),(248,1,48,'2024-01-28',3,0,0),(249,1,49,'2024-01-28',3,0,0),(250,1,50,'2024-01-28',3,0,0),(251,1,51,'2024-01-28',3,0,0),(252,1,52,'2024-01-28',3,1,16),(253,1,53,'2024-01-28',3,0,0),(254,1,54,'2024-01-28',3,0,0),(255,1,55,'2024-01-28',3,0,0),(256,1,56,'2024-01-28',3,1,40),(257,1,57,'2024-01-28',3,1,40),(258,1,58,'2024-01-28',3,1,50),(259,1,59,'2024-01-28',3,1,50),(260,1,60,'2024-01-28',3,0,0),(261,1,61,'2024-01-28',3,1,4),(262,1,62,'2024-01-28',3,1,2),(263,1,63,'2024-01-28',3,1,2),(264,1,64,'2024-01-28',3,1,12),(265,1,65,'2024-01-28',3,0,0),(266,1,66,'2024-01-28',3,0,0),(267,1,67,'2024-01-28',3,1,20),(268,1,68,'2024-01-28',3,1,12),(269,1,69,'2024-01-28',3,1,12),(270,1,70,'2024-01-28',3,0,0),(271,1,71,'2024-01-28',3,0,0),(272,1,72,'2024-01-28',3,0,0),(273,1,73,'2024-01-28',3,0,0),(274,1,74,'2024-01-28',3,0,0),(275,1,75,'2024-01-28',3,0,0),(276,1,76,'2024-01-28',3,1,3),(277,1,77,'2024-01-28',3,1,10),(278,1,78,'2024-01-28',3,1,40),(279,1,79,'2024-01-28',3,0,0),(280,1,80,'2024-01-28',3,1,50),(281,1,81,'2024-01-28',3,1,50),(282,1,82,'2024-01-28',3,1,40),(283,1,83,'2024-01-28',3,1,14),(284,1,84,'2024-01-28',3,0,0),(285,1,85,'2024-01-28',3,0,0),(286,1,86,'2024-01-28',3,1,14),(287,1,87,'2024-01-28',3,0,0),(288,1,88,'2024-01-28',3,0,0),(289,1,89,'2024-01-28',3,1,40),(290,1,90,'2024-01-28',3,1,40),(291,1,91,'2024-01-28',3,1,50),(292,1,92,'2024-01-28',3,1,50),(293,1,93,'2024-01-28',3,1,50),(294,1,94,'2024-01-28',3,0,0),(295,1,95,'2024-01-28',3,1,2),(296,1,96,'2024-01-28',3,1,20),(297,1,97,'2024-01-28',3,1,13),(298,1,98,'2024-01-28',3,0,0),(299,1,99,'2024-01-28',3,1,50),(300,1,100,'2024-01-28',3,1,50),(301,1,1,'2024-01-28',4,1,20),(302,1,2,'2024-01-28',4,0,0),(303,1,3,'2024-01-28',4,1,40),(304,1,4,'2024-01-28',4,1,40),(305,1,5,'2024-01-28',4,1,20),(306,1,6,'2024-01-28',4,1,13),(307,1,7,'2024-01-28',4,0,0),(308,1,8,'2024-01-28',4,0,0),(309,1,9,'2024-01-28',4,0,0),(310,1,10,'2024-01-28',4,0,0),(311,1,11,'2024-01-28',4,1,40),(312,1,12,'2024-01-28',4,1,40),(313,1,13,'2024-01-28',4,1,44),(314,1,14,'2024-01-28',4,1,44),(315,1,15,'2024-01-28',4,1,20),(316,1,16,'2024-01-28',4,0,0),(317,1,17,'2024-01-28',4,1,20),(318,1,18,'2024-01-28',4,0,0),(319,1,19,'2024-01-28',4,1,4),(320,1,20,'2024-01-28',4,1,12),(321,1,21,'2024-01-28',4,1,18),(322,1,22,'2024-01-28',4,0,0),(323,1,23,'2024-01-28',4,1,40),(324,1,24,'2024-01-28',4,1,40),(325,1,25,'2024-01-28',4,1,44),(326,1,26,'2024-01-28',4,1,44),(327,1,27,'2024-01-28',4,1,40),(328,1,28,'2024-01-28',4,1,44),(329,1,29,'2024-01-28',4,1,20),(330,1,30,'2024-01-28',4,1,18),(331,1,31,'2024-01-28',4,1,20),(332,1,32,'2024-01-28',4,0,0),(333,1,33,'2024-01-28',4,1,16),(334,1,34,'2024-01-28',4,1,20),(335,1,35,'2024-01-28',4,1,20),(336,1,36,'2024-01-28',4,1,40),(337,1,37,'2024-01-28',4,1,17),(338,1,38,'2024-01-28',4,0,0),(339,1,39,'2024-01-28',4,1,44),(340,1,40,'2024-01-28',4,1,44),(341,1,41,'2024-01-28',4,1,44),(342,1,42,'2024-01-28',4,0,0),(343,1,43,'2024-01-28',4,0,0),(344,1,44,'2024-01-28',4,0,0),(345,1,45,'2024-01-28',4,1,40),(346,1,46,'2024-01-28',4,1,20),(347,1,47,'2024-01-28',4,1,16),(348,1,48,'2024-01-28',4,0,0),(349,1,49,'2024-01-28',4,0,0),(350,1,50,'2024-01-28',4,0,0),(351,1,51,'2024-01-28',4,0,0),(352,1,52,'2024-01-28',4,1,16),(353,1,53,'2024-01-28',4,0,0),(354,1,54,'2024-01-28',4,0,0),(355,1,55,'2024-01-28',4,0,0),(356,1,56,'2024-01-28',4,1,40),(357,1,57,'2024-01-28',4,1,40),(358,1,58,'2024-01-28',4,1,44),(359,1,59,'2024-01-28',4,1,44),(360,1,60,'2024-01-28',4,0,0),(361,1,61,'2024-01-28',4,1,4),(362,1,62,'2024-01-28',4,1,2),(363,1,63,'2024-01-28',4,1,2),(364,1,64,'2024-01-28',4,1,12),(365,1,65,'2024-01-28',4,0,0),(366,1,66,'2024-01-28',4,0,0),(367,1,67,'2024-01-28',4,1,20),(368,1,68,'2024-01-28',4,1,12),(369,1,69,'2024-01-28',4,1,12),(370,1,70,'2024-01-28',4,0,0),(371,1,71,'2024-01-28',4,0,0),(372,1,72,'2024-01-28',4,0,0),(373,1,73,'2024-01-28',4,0,0),(374,1,74,'2024-01-28',4,0,0),(375,1,75,'2024-01-28',4,0,0),(376,1,76,'2024-01-28',4,1,3),(377,1,77,'2024-01-28',4,1,30),(378,1,78,'2024-01-28',4,1,40),(379,1,79,'2024-01-28',4,0,0),(380,1,80,'2024-01-28',4,1,44),(381,1,81,'2024-01-28',4,1,44),(382,1,82,'2024-01-28',4,1,40),(383,1,83,'2024-01-28',4,1,14),(384,1,84,'2024-01-28',4,0,0),(385,1,85,'2024-01-28',4,0,0),(386,1,86,'2024-01-28',4,1,14),(387,1,87,'2024-01-28',4,0,0),(388,1,88,'2024-01-28',4,0,0),(389,1,89,'2024-01-28',4,1,40),(390,1,90,'2024-01-28',4,1,40),(391,1,91,'2024-01-28',4,1,44),(392,1,92,'2024-01-28',4,1,44),(393,1,93,'2024-01-28',4,1,44),(394,1,94,'2024-01-28',4,0,0),(395,1,95,'2024-01-28',4,1,2),(396,1,96,'2024-01-28',4,1,20),(397,1,97,'2024-01-28',4,1,13),(398,1,98,'2024-01-28',4,0,0),(399,1,99,'2024-01-28',4,1,44),(400,1,100,'2024-01-28',4,1,44),(401,1,1,'2024-01-28',5,1,20),(402,1,2,'2024-01-28',5,0,0),(403,1,3,'2024-01-28',5,1,40),(404,1,4,'2024-01-28',5,1,40),(405,1,5,'2024-01-28',5,1,20),(406,1,6,'2024-01-28',5,1,13),(407,1,7,'2024-01-28',5,0,0),(408,1,8,'2024-01-28',5,0,0),(409,1,9,'2024-01-28',5,0,0),(410,1,10,'2024-01-28',5,0,0),(411,1,11,'2024-01-28',5,1,40),(412,1,12,'2024-01-28',5,1,40),(413,1,13,'2024-01-28',5,1,40),(414,1,14,'2024-01-28',5,1,40),(415,1,15,'2024-01-28',5,1,20),(416,1,16,'2024-01-28',5,0,0),(417,1,17,'2024-01-28',5,1,20),(418,1,18,'2024-01-28',5,0,0),(419,1,19,'2024-01-28',5,1,4),(420,1,20,'2024-01-28',5,1,12),(421,1,21,'2024-01-28',5,1,18),(422,1,22,'2024-01-28',5,0,0),(423,1,23,'2024-01-28',5,1,40),(424,1,24,'2024-01-28',5,1,40),(425,1,25,'2024-01-28',5,1,40),(426,1,26,'2024-01-28',5,1,40),(427,1,27,'2024-01-28',5,1,40),(428,1,28,'2024-01-28',5,1,40),(429,1,29,'2024-01-28',5,1,20),(430,1,30,'2024-01-28',5,1,18),(431,1,31,'2024-01-28',5,1,20),(432,1,32,'2024-01-28',5,0,0),(433,1,33,'2024-01-28',5,1,16),(434,1,34,'2024-01-28',5,1,20),(435,1,35,'2024-01-28',5,1,20),(436,1,36,'2024-01-28',5,1,40),(437,1,37,'2024-01-28',5,1,17),(438,1,38,'2024-01-28',5,0,0),(439,1,39,'2024-01-28',5,1,40),(440,1,40,'2024-01-28',5,1,40),(441,1,41,'2024-01-28',5,1,40),(442,1,42,'2024-01-28',5,0,0),(443,1,43,'2024-01-28',5,0,0),(444,1,40,'2024-01-28',5,0,0),(445,1,45,'2024-01-28',5,1,40),(446,1,46,'2024-01-28',5,1,20),(447,1,47,'2024-01-28',5,1,16),(448,1,48,'2024-01-28',5,0,0),(449,1,49,'2024-01-28',5,0,0),(450,1,50,'2024-01-28',5,0,0),(451,1,51,'2024-01-28',5,0,0),(452,1,52,'2024-01-28',5,1,16),(453,1,53,'2024-01-28',5,0,0),(454,1,54,'2024-01-28',5,0,0),(455,1,55,'2024-01-28',5,0,0),(456,1,56,'2024-01-28',5,1,40),(457,1,57,'2024-01-28',5,1,40),(458,1,58,'2024-01-28',5,1,40),(459,1,59,'2024-01-28',5,1,40),(460,1,60,'2024-01-28',5,0,0),(461,1,61,'2024-01-28',5,1,4),(462,1,62,'2024-01-28',5,1,2),(463,1,63,'2024-01-28',5,1,2),(464,1,64,'2024-01-28',5,1,12),(465,1,65,'2024-01-28',5,0,0),(466,1,66,'2024-01-28',5,0,0),(467,1,67,'2024-01-28',5,1,20),(468,1,68,'2024-01-28',5,1,12),(469,1,69,'2024-01-28',5,1,12),(470,1,70,'2024-01-28',5,0,0),(471,1,71,'2024-01-28',5,0,0),(472,1,72,'2024-01-28',5,0,0),(473,1,73,'2024-01-28',5,0,0),(474,1,74,'2024-01-28',5,0,0),(475,1,75,'2024-01-28',5,0,0),(476,1,76,'2024-01-28',5,1,3),(477,1,77,'2024-01-28',5,1,30),(478,1,78,'2024-01-28',5,1,40),(479,1,79,'2024-01-28',5,0,0),(480,1,80,'2024-01-28',5,1,40),(481,1,81,'2024-01-28',5,1,40),(482,1,82,'2024-01-28',5,1,40),(483,1,83,'2024-01-28',5,1,14),(484,1,84,'2024-01-28',5,0,0),(485,1,85,'2024-01-28',5,0,0),(486,1,86,'2024-01-28',5,1,14),(487,1,87,'2024-01-28',5,0,0),(488,1,88,'2024-01-28',5,0,0),(489,1,89,'2024-01-28',5,1,40),(490,1,90,'2024-01-28',5,1,40),(491,1,91,'2024-01-28',5,1,40),(492,1,92,'2024-01-28',5,1,40),(493,1,93,'2024-01-28',5,1,40),(494,1,94,'2024-01-28',5,0,0),(495,1,95,'2024-01-28',5,1,2),(496,1,96,'2024-01-28',5,1,20),(497,1,97,'2024-01-28',5,1,13),(498,1,98,'2024-01-28',5,0,0),(499,1,99,'2024-01-28',5,1,40),(500,1,100,'2024-01-28',5,1,40),(501,1,1,'2024-01-28',6,1,20),(502,1,2,'2024-01-28',6,0,0),(503,1,3,'2024-01-28',6,1,40),(504,1,4,'2024-01-28',6,1,40),(505,1,5,'2024-01-28',6,1,20),(506,1,6,'2024-01-28',6,1,13),(507,1,7,'2024-01-28',6,0,0),(508,1,8,'2024-01-28',6,0,0),(509,1,9,'2024-01-28',6,0,0),(510,1,10,'2024-01-28',6,0,0),(511,1,11,'2024-01-28',6,1,40),(512,1,12,'2024-01-28',6,1,40),(513,1,13,'2024-01-28',6,1,50),(514,1,14,'2024-01-28',6,1,50),(515,1,15,'2024-01-28',6,1,20),(516,1,16,'2024-01-28',6,0,0),(517,1,17,'2024-01-28',6,1,20),(518,1,18,'2024-01-28',6,0,0),(519,1,19,'2024-01-28',6,1,4),(520,1,20,'2024-01-28',6,1,12),(521,1,21,'2024-01-28',6,1,18),(522,1,22,'2024-01-28',6,0,0),(523,1,23,'2024-01-28',6,1,40),(524,1,24,'2024-01-28',6,1,40),(525,1,25,'2024-01-28',6,1,50),(526,1,26,'2024-01-28',6,1,50),(527,1,27,'2024-01-28',6,1,40),(528,1,28,'2024-01-28',6,1,50),(529,1,29,'2024-01-28',6,1,20),(530,1,30,'2024-01-28',6,1,18),(531,1,31,'2024-01-28',6,1,20),(532,1,32,'2024-01-28',6,0,0),(533,1,33,'2024-01-28',6,1,16),(534,1,34,'2024-01-28',6,1,20),(535,1,35,'2024-01-28',6,1,20),(536,1,36,'2024-01-28',6,1,40),(537,1,37,'2024-01-28',6,1,17),(538,1,38,'2024-01-28',6,0,0),(539,1,39,'2024-01-28',6,1,50),(540,1,50,'2024-01-28',6,1,50),(541,1,41,'2024-01-28',6,1,50),(542,1,42,'2024-01-28',6,0,0),(543,1,43,'2024-01-28',6,0,0),(544,1,50,'2024-01-28',6,0,0),(545,1,45,'2024-01-28',6,1,40),(546,1,46,'2024-01-28',6,1,20),(547,1,47,'2024-01-28',6,1,16),(548,1,48,'2024-01-28',6,0,0),(549,1,49,'2024-01-28',6,0,0),(550,1,50,'2024-01-28',6,0,0),(551,1,51,'2024-01-28',6,0,0),(552,1,52,'2024-01-28',6,1,16),(553,1,53,'2024-01-28',6,0,0),(554,1,54,'2024-01-28',6,0,0),(555,1,55,'2024-01-28',6,0,0),(556,1,56,'2024-01-28',6,1,40),(557,1,57,'2024-01-28',6,1,40),(558,1,58,'2024-01-28',6,1,50),(559,1,59,'2024-01-28',6,1,50),(560,1,60,'2024-01-28',6,0,0),(561,1,61,'2024-01-28',6,1,4),(562,1,62,'2024-01-28',6,1,2),(563,1,63,'2024-01-28',6,1,2),(564,1,64,'2024-01-28',6,1,12),(565,1,65,'2024-01-28',6,0,0),(566,1,66,'2024-01-28',6,0,0),(567,1,67,'2024-01-28',6,1,20),(568,1,68,'2024-01-28',6,1,12),(569,1,69,'2024-01-28',6,1,12),(570,1,70,'2024-01-28',6,0,0),(571,1,71,'2024-01-28',6,0,0),(572,1,72,'2024-01-28',6,0,0),(573,1,73,'2024-01-28',6,0,0),(574,1,74,'2024-01-28',6,0,0),(575,1,75,'2024-01-28',6,0,0),(576,1,76,'2024-01-28',6,1,3),(577,1,77,'2024-01-28',6,1,30),(578,1,78,'2024-01-28',6,1,40),(579,1,79,'2024-01-28',6,0,0),(580,1,80,'2024-01-28',6,1,50),(581,1,81,'2024-01-28',6,1,50),(582,1,82,'2024-01-28',6,1,40),(583,1,83,'2024-01-28',6,1,14),(584,1,84,'2024-01-28',6,0,0),(585,1,85,'2024-01-28',6,0,0),(586,1,86,'2024-01-28',6,1,14),(587,1,87,'2024-01-28',6,0,0),(588,1,88,'2024-01-28',6,0,0),(589,1,89,'2024-01-28',6,1,40),(590,1,90,'2024-01-28',6,1,40),(591,1,91,'2024-01-28',6,1,50),(592,1,92,'2024-01-28',6,1,50),(593,1,93,'2024-01-28',6,1,50),(594,1,94,'2024-01-28',6,0,0),(595,1,95,'2024-01-28',6,1,2),(596,1,96,'2024-01-28',6,1,20),(597,1,97,'2024-01-28',6,1,13),(598,1,98,'2024-01-28',6,0,0),(599,1,99,'2024-01-28',6,1,50),(600,1,100,'2024-01-28',6,1,50),(601,2,1,'2024-01-26',6,1,20),(602,2,2,'2024-01-26',6,0,0),(603,2,3,'2024-01-26',6,1,40),(604,2,4,'2024-01-26',6,1,40),(605,2,5,'2024-01-26',6,1,20),(606,2,6,'2024-01-26',6,1,13),(607,2,7,'2024-01-26',6,0,0),(608,2,8,'2024-01-26',6,0,0),(609,2,9,'2024-01-26',6,0,0),(610,2,10,'2024-01-26',6,0,0),(611,2,11,'2024-01-26',6,1,40),(612,2,12,'2024-01-26',6,1,40),(613,2,13,'2024-01-26',6,1,50),(614,2,14,'2024-01-26',6,1,50),(615,2,15,'2024-01-26',6,1,20),(616,2,16,'2024-01-26',6,0,0),(617,2,17,'2024-01-26',6,1,20),(618,2,18,'2024-01-26',6,0,0),(619,2,19,'2024-01-26',6,1,4),(620,2,20,'2024-01-26',6,1,12),(621,2,21,'2024-01-26',6,1,18),(622,2,22,'2024-01-26',6,0,0),(623,2,23,'2024-01-26',6,1,40),(624,2,24,'2024-01-26',6,1,40),(625,2,25,'2024-01-26',6,1,50),(626,2,26,'2024-01-26',6,1,50),(627,2,27,'2024-01-26',6,1,40),(628,2,28,'2024-01-26',6,1,50),(629,2,29,'2024-01-26',6,1,20),(630,2,30,'2024-01-26',6,1,18),(631,2,31,'2024-01-26',6,1,20),(632,2,32,'2024-01-26',6,0,0),(633,2,33,'2024-01-26',6,1,16),(634,2,34,'2024-01-26',6,1,20),(635,2,35,'2024-01-26',6,1,20),(636,2,36,'2024-01-26',6,1,40),(637,2,37,'2024-01-26',6,1,17),(638,2,38,'2024-01-26',6,0,0),(639,2,39,'2024-01-26',6,1,50),(640,2,50,'2024-01-26',6,1,50),(641,2,41,'2024-01-26',6,1,50),(642,2,42,'2024-01-26',6,0,0),(643,2,43,'2024-01-26',6,0,0),(644,2,50,'2024-01-26',6,0,0),(645,2,45,'2024-01-26',6,1,40),(646,2,46,'2024-01-26',6,1,20),(647,2,47,'2024-01-26',6,1,16),(648,2,48,'2024-01-26',6,0,0),(649,2,49,'2024-01-26',6,0,0),(650,2,50,'2024-01-26',6,0,0),(651,2,51,'2024-01-26',6,0,0),(652,2,52,'2024-01-26',6,1,16),(653,2,53,'2024-01-26',6,0,0),(654,2,54,'2024-01-26',6,0,0),(655,2,55,'2024-01-26',6,0,0),(656,2,56,'2024-01-26',6,1,40),(657,2,57,'2024-01-26',6,1,40),(658,2,58,'2024-01-26',6,1,50),(659,2,59,'2024-01-26',6,1,50),(660,2,60,'2024-01-26',6,0,0),(661,2,61,'2024-01-26',6,1,4),(662,2,62,'2024-01-26',6,1,2),(663,2,63,'2024-01-26',6,1,2),(664,2,64,'2024-01-26',6,1,12),(665,2,65,'2024-01-26',6,0,0),(666,2,66,'2024-01-26',6,0,0),(667,2,67,'2024-01-26',6,1,20),(668,2,68,'2024-01-26',6,1,12),(669,2,69,'2024-01-26',6,1,12),(670,2,70,'2024-01-26',6,0,0),(671,2,71,'2024-01-26',6,0,0),(672,2,72,'2024-01-26',6,0,0),(673,2,73,'2024-01-26',6,0,0),(674,2,74,'2024-01-26',6,0,0),(675,2,75,'2024-01-26',6,0,0),(676,2,76,'2024-01-26',6,1,3),(677,2,77,'2024-01-26',6,1,30),(678,2,78,'2024-01-26',6,1,40),(679,2,79,'2024-01-26',6,0,0),(680,2,80,'2024-01-26',6,1,50),(681,2,81,'2024-01-26',6,1,50),(682,2,82,'2024-01-26',6,1,40),(683,2,83,'2024-01-26',6,1,14),(684,2,84,'2024-01-26',6,0,0),(685,2,85,'2024-01-26',6,0,0),(686,2,86,'2024-01-26',6,1,14),(687,2,87,'2024-01-26',6,0,0),(688,2,88,'2024-01-26',6,0,0),(689,2,89,'2024-01-26',6,1,40),(690,2,90,'2024-01-26',6,1,40),(691,2,91,'2024-01-26',6,1,50),(692,2,92,'2024-01-26',6,1,50),(693,2,93,'2024-01-26',6,1,50),(694,2,94,'2024-01-26',6,0,0),(695,2,95,'2024-01-26',6,1,2),(696,2,96,'2024-01-26',6,1,20),(697,2,97,'2024-01-26',6,1,13),(698,2,98,'2024-01-26',6,0,0),(699,2,99,'2024-01-26',6,1,50),(700,2,100,'2024-01-26',6,1,50),(701,2,1,'2024-01-26',5,1,20),(702,2,2,'2024-01-26',5,0,0),(703,2,3,'2024-01-26',5,1,40),(704,2,4,'2024-01-26',5,1,40),(705,2,5,'2024-01-26',5,1,20),(706,2,6,'2024-01-26',5,1,13),(707,2,7,'2024-01-26',5,0,0),(708,2,8,'2024-01-26',5,0,0),(709,2,9,'2024-01-26',5,0,0),(710,2,10,'2024-01-26',5,0,0),(711,2,11,'2024-01-26',5,1,40),(712,2,12,'2024-01-26',5,1,40),(713,2,13,'2024-01-26',5,1,40),(714,2,14,'2024-01-26',5,1,40),(715,2,15,'2024-01-26',5,1,20),(716,2,16,'2024-01-26',5,0,0),(717,2,17,'2024-01-26',5,1,20),(718,2,18,'2024-01-26',5,0,0),(719,2,19,'2024-01-26',5,1,4),(720,2,20,'2024-01-26',5,1,12),(721,2,21,'2024-01-26',5,1,18),(722,2,22,'2024-01-26',5,0,0),(723,2,23,'2024-01-26',5,1,40),(724,2,24,'2024-01-26',5,1,40),(725,2,25,'2024-01-26',5,1,40),(726,2,26,'2024-01-26',5,1,40),(727,2,27,'2024-01-26',5,1,40),(728,2,28,'2024-01-26',5,1,40),(729,2,29,'2024-01-26',5,1,20),(730,2,30,'2024-01-26',5,1,18),(731,2,31,'2024-01-26',5,1,20),(732,2,32,'2024-01-26',5,0,0),(733,2,33,'2024-01-26',5,1,16),(734,2,34,'2024-01-26',5,1,20),(735,2,35,'2024-01-26',5,1,20),(736,2,36,'2024-01-26',5,1,40),(737,2,37,'2024-01-26',5,1,17),(738,2,38,'2024-01-26',5,0,0),(739,2,39,'2024-01-26',5,1,40),(740,2,40,'2024-01-26',5,1,40),(741,2,41,'2024-01-26',5,1,40),(742,2,42,'2024-01-26',5,0,0),(743,2,43,'2024-01-26',5,0,0),(744,2,40,'2024-01-26',5,0,0),(745,2,45,'2024-01-26',5,1,40),(746,2,46,'2024-01-26',5,1,20),(747,2,47,'2024-01-26',5,1,16),(748,2,48,'2024-01-26',5,0,0),(749,2,49,'2024-01-26',5,0,0),(750,2,40,'2024-01-26',5,0,0),(751,2,51,'2024-01-26',5,0,0),(752,2,52,'2024-01-26',5,1,16),(753,2,53,'2024-01-26',5,0,0),(754,2,54,'2024-01-26',5,0,0),(755,2,55,'2024-01-26',5,0,0),(756,2,56,'2024-01-26',5,1,40),(757,2,57,'2024-01-26',5,1,40),(758,2,58,'2024-01-26',5,1,40),(759,2,59,'2024-01-26',5,1,40),(760,2,60,'2024-01-26',5,0,0),(761,2,61,'2024-01-26',5,1,4),(762,2,62,'2024-01-26',5,1,2),(763,2,63,'2024-01-26',5,1,2),(764,2,64,'2024-01-26',5,1,12),(765,2,65,'2024-01-26',5,0,0),(766,2,66,'2024-01-26',5,0,0),(767,2,67,'2024-01-26',5,1,20),(768,2,68,'2024-01-26',5,1,12),(769,2,69,'2024-01-26',5,1,12),(770,2,70,'2024-01-26',5,0,0),(771,2,71,'2024-01-26',5,0,0),(772,2,72,'2024-01-26',5,0,0),(773,2,73,'2024-01-26',5,0,0),(774,2,74,'2024-01-26',5,0,0),(775,2,75,'2024-01-26',5,0,0),(776,2,76,'2024-01-26',5,1,3),(777,2,77,'2024-01-26',5,1,30),(778,2,78,'2024-01-26',5,1,40),(779,2,79,'2024-01-26',5,0,0),(780,2,80,'2024-01-26',5,1,40),(781,2,81,'2024-01-26',5,1,40),(782,2,82,'2024-01-26',5,1,40),(783,2,83,'2024-01-26',5,1,14),(784,2,84,'2024-01-26',5,0,0),(785,2,85,'2024-01-26',5,0,0),(786,2,86,'2024-01-26',5,1,14),(787,2,87,'2024-01-26',5,0,0),(788,2,88,'2024-01-26',5,0,0),(789,2,89,'2024-01-26',5,1,40),(790,2,90,'2024-01-26',5,1,40),(791,2,91,'2024-01-26',5,1,40),(792,2,92,'2024-01-26',5,1,40),(793,2,93,'2024-01-26',5,1,40),(794,2,94,'2024-01-26',5,0,0),(795,2,95,'2024-01-26',5,1,2),(796,2,96,'2024-01-26',5,1,20),(797,2,97,'2024-01-26',5,1,13),(798,2,98,'2024-01-26',5,0,0),(799,2,99,'2024-01-26',5,1,40),(800,2,100,'2024-01-26',5,1,40),(801,2,1,'2024-01-25',4,1,20),(802,2,2,'2024-01-25',4,0,0),(803,2,3,'2024-01-25',4,1,40),(804,2,4,'2024-01-25',4,1,40),(805,2,5,'2024-01-25',4,1,20),(806,2,6,'2024-01-25',4,1,13),(807,2,7,'2024-01-25',4,0,0),(808,2,8,'2024-01-25',4,0,0),(809,2,9,'2024-01-25',4,0,0),(810,2,10,'2024-01-25',4,0,0),(811,2,11,'2024-01-25',4,1,40),(812,2,12,'2024-01-25',4,1,40),(813,2,13,'2024-01-25',4,1,40),(814,2,14,'2024-01-25',4,1,40),(815,2,15,'2024-01-25',4,1,20),(816,2,16,'2024-01-25',4,0,0),(817,2,17,'2024-01-25',4,1,20),(818,2,18,'2024-01-25',4,0,0),(819,2,19,'2024-01-25',4,1,4),(820,2,20,'2024-01-25',4,1,12),(821,2,21,'2024-01-25',4,1,18),(822,2,22,'2024-01-25',4,0,0),(823,2,23,'2024-01-25',4,1,40),(824,2,24,'2024-01-25',4,1,40),(825,2,25,'2024-01-25',4,1,40),(826,2,26,'2024-01-25',4,1,40),(827,2,27,'2024-01-25',4,1,40),(828,2,28,'2024-01-25',4,1,40),(829,2,29,'2024-01-25',4,1,20),(830,2,30,'2024-01-25',4,1,18),(831,2,31,'2024-01-25',4,1,20),(832,2,32,'2024-01-25',4,0,0),(833,2,33,'2024-01-25',4,1,16),(834,2,34,'2024-01-25',4,1,20),(835,2,35,'2024-01-25',4,1,20),(836,2,36,'2024-01-25',4,1,40),(837,2,37,'2024-01-25',4,1,17),(838,2,38,'2024-01-25',4,0,0),(839,2,39,'2024-01-25',4,1,40),(840,2,40,'2024-01-25',4,1,40),(841,2,41,'2024-01-25',4,1,40),(842,2,42,'2024-01-25',4,0,0),(843,2,43,'2024-01-25',4,0,0),(844,2,40,'2024-01-25',4,0,0),(845,2,45,'2024-01-25',4,1,40),(846,2,46,'2024-01-25',4,1,20),(847,2,47,'2024-01-25',4,1,16),(848,2,48,'2024-01-25',4,0,0),(849,2,49,'2024-01-25',4,0,0),(850,2,40,'2024-01-25',4,0,0),(851,2,51,'2024-01-25',4,0,0),(852,2,52,'2024-01-25',4,1,16),(853,2,53,'2024-01-25',4,0,0),(854,2,54,'2024-01-25',4,0,0),(855,2,55,'2024-01-25',4,0,0),(856,2,56,'2024-01-25',4,1,40),(857,2,57,'2024-01-25',4,1,40),(858,2,58,'2024-01-25',4,1,40),(859,2,59,'2024-01-25',4,1,40),(860,2,60,'2024-01-25',4,0,0),(861,2,61,'2024-01-25',4,1,4),(862,2,62,'2024-01-25',4,1,2),(863,2,63,'2024-01-25',4,1,2),(864,2,64,'2024-01-25',4,1,12),(865,2,65,'2024-01-25',4,0,0),(866,2,66,'2024-01-25',4,0,0),(867,2,67,'2024-01-25',4,1,20),(868,2,68,'2024-01-25',4,1,12),(869,2,69,'2024-01-25',4,1,12),(870,2,70,'2024-01-25',4,0,0),(871,2,71,'2024-01-25',4,0,0),(872,2,72,'2024-01-25',4,0,0),(873,2,73,'2024-01-25',4,0,0),(874,2,74,'2024-01-25',4,0,0),(875,2,75,'2024-01-25',4,0,0),(876,2,76,'2024-01-25',4,1,3),(877,2,77,'2024-01-25',4,1,30),(878,2,78,'2024-01-25',4,1,40),(879,2,79,'2024-01-25',4,0,0),(880,2,80,'2024-01-25',4,1,40),(881,2,81,'2024-01-25',4,1,40),(882,2,82,'2024-01-25',4,1,40),(883,2,83,'2024-01-25',4,1,14),(884,2,84,'2024-01-25',4,0,0),(885,2,85,'2024-01-25',4,0,0),(886,2,86,'2024-01-25',4,1,14),(887,2,87,'2024-01-25',4,0,0),(888,2,88,'2024-01-25',4,0,0),(889,2,89,'2024-01-25',4,1,40),(890,2,90,'2024-01-25',4,1,40),(891,2,91,'2024-01-25',4,1,40),(892,2,92,'2024-01-25',4,1,40),(893,2,93,'2024-01-25',4,1,40),(894,2,94,'2024-01-25',4,0,0),(895,2,95,'2024-01-25',4,1,2),(896,2,96,'2024-01-25',4,1,20),(897,2,97,'2024-01-25',4,1,13),(898,2,98,'2024-01-25',4,0,0),(899,2,99,'2024-01-25',4,1,40),(900,2,100,'2024-01-25',4,1,40),(901,2,1,'2024-01-25',3,1,20),(902,2,2,'2024-01-25',3,0,0),(903,2,3,'2024-01-25',3,1,40),(904,2,4,'2024-01-25',3,1,40),(905,2,5,'2024-01-25',3,1,20),(906,2,6,'2024-01-25',3,1,13),(907,2,7,'2024-01-25',3,0,0),(908,2,8,'2024-01-25',3,0,0),(909,2,9,'2024-01-25',3,0,0),(910,2,10,'2024-01-25',3,0,0),(911,2,11,'2024-01-25',3,1,40),(912,2,12,'2024-01-25',3,1,40),(913,2,13,'2024-01-25',3,1,40),(914,2,14,'2024-01-25',3,1,40),(915,2,15,'2024-01-25',3,1,20),(916,2,16,'2024-01-25',3,0,0),(917,2,17,'2024-01-25',3,1,20),(918,2,18,'2024-01-25',3,0,0),(919,2,19,'2024-01-25',3,1,4),(920,2,20,'2024-01-25',3,1,12),(921,2,21,'2024-01-25',3,1,18),(922,2,22,'2024-01-25',3,0,0),(923,2,23,'2024-01-25',3,1,40),(924,2,24,'2024-01-25',3,1,40),(925,2,25,'2024-01-25',3,1,40),(926,2,26,'2024-01-25',3,1,40),(927,2,27,'2024-01-25',3,1,40),(928,2,28,'2024-01-25',3,1,40),(929,2,29,'2024-01-25',3,1,20),(930,2,30,'2024-01-25',3,1,18),(931,2,31,'2024-01-25',3,1,20),(932,2,32,'2024-01-25',3,0,0),(933,2,33,'2024-01-25',3,1,16),(934,2,34,'2024-01-25',3,1,20),(935,2,35,'2024-01-25',3,1,20),(936,2,36,'2024-01-25',3,1,40),(937,2,37,'2024-01-25',3,1,17),(938,2,38,'2024-01-25',3,0,0),(939,2,39,'2024-01-25',3,1,40),(940,2,40,'2024-01-25',3,1,40),(941,2,41,'2024-01-25',3,1,40),(942,2,42,'2024-01-25',3,0,0),(943,2,43,'2024-01-25',3,0,0),(944,2,40,'2024-01-25',3,0,0),(945,2,45,'2024-01-25',3,1,40),(946,2,46,'2024-01-25',3,1,20),(947,2,47,'2024-01-25',3,1,16),(948,2,48,'2024-01-25',3,0,0),(949,2,49,'2024-01-25',3,0,0),(950,2,40,'2024-01-25',3,0,0),(951,2,51,'2024-01-25',3,0,0),(952,2,52,'2024-01-25',3,1,16),(953,2,53,'2024-01-25',3,0,0),(954,2,54,'2024-01-25',3,0,0),(955,2,55,'2024-01-25',3,0,0),(956,2,56,'2024-01-25',3,1,40),(957,2,57,'2024-01-25',3,1,40),(958,2,58,'2024-01-25',3,1,40),(959,2,59,'2024-01-25',3,1,40),(960,2,60,'2024-01-25',3,0,0),(961,2,61,'2024-01-25',3,1,4),(962,2,62,'2024-01-25',3,1,2),(963,2,63,'2024-01-25',3,1,2),(964,2,64,'2024-01-25',3,1,12),(965,2,65,'2024-01-25',3,0,0),(966,2,66,'2024-01-25',3,0,0),(967,2,67,'2024-01-25',3,1,20),(968,2,68,'2024-01-25',3,1,12),(969,2,69,'2024-01-25',3,1,12),(970,2,70,'2024-01-25',3,0,0),(971,2,71,'2024-01-25',3,0,0),(972,2,72,'2024-01-25',3,0,0),(973,2,73,'2024-01-25',3,0,0),(974,2,74,'2024-01-25',3,0,0),(975,2,75,'2024-01-25',3,0,0),(976,2,76,'2024-01-25',3,1,3),(977,2,77,'2024-01-25',3,1,30),(978,2,78,'2024-01-25',3,1,40),(979,2,79,'2024-01-25',3,0,0),(980,2,80,'2024-01-25',3,1,40),(981,2,81,'2024-01-25',3,1,40),(982,2,82,'2024-01-25',3,1,40),(983,2,83,'2024-01-25',3,1,14),(984,2,84,'2024-01-25',3,0,0),(985,2,85,'2024-01-25',3,0,0),(986,2,86,'2024-01-25',3,1,14),(987,2,87,'2024-01-25',3,0,0),(988,2,88,'2024-01-25',3,0,0),(989,2,89,'2024-01-25',3,1,40),(990,2,90,'2024-01-25',3,1,40),(991,2,91,'2024-01-25',3,1,40),(992,2,92,'2024-01-25',3,1,40),(993,2,93,'2024-01-25',3,1,40),(994,2,94,'2024-01-25',3,0,0),(995,2,95,'2024-01-25',3,1,2),(996,2,96,'2024-01-25',3,1,20),(997,2,97,'2024-01-25',3,1,13),(998,2,98,'2024-01-25',3,0,0),(999,2,99,'2024-01-25',3,1,40),(1000,2,100,'2024-01-25',3,1,40),(1001,2,1,'2024-01-25',2,1,20),(1002,2,2,'2024-01-25',2,0,0),(1003,2,3,'2024-01-25',2,1,30),(1004,2,4,'2024-01-25',2,1,30),(1005,2,5,'2024-01-25',2,1,20),(1006,2,6,'2024-01-25',2,1,13),(1007,2,7,'2024-01-25',2,0,0),(1008,2,8,'2024-01-25',2,0,0),(1009,2,9,'2024-01-25',2,0,0),(1010,2,10,'2024-01-25',2,0,0),(1011,2,11,'2024-01-25',2,1,30),(1012,2,12,'2024-01-25',2,1,30),(1013,2,13,'2024-01-25',2,1,30),(1014,2,14,'2024-01-25',2,1,30),(1015,2,15,'2024-01-25',2,1,20),(1016,2,16,'2024-01-25',2,0,0),(1017,2,17,'2024-01-25',2,1,20),(1018,2,18,'2024-01-25',2,0,0),(1019,2,19,'2024-01-25',2,1,4),(1020,2,20,'2024-01-25',2,1,12),(1021,2,21,'2024-01-25',2,1,18),(1022,2,22,'2024-01-25',2,0,0),(1023,2,23,'2024-01-25',2,1,30),(1024,2,24,'2024-01-25',2,1,30),(1025,2,25,'2024-01-25',2,1,30),(1026,2,26,'2024-01-25',2,1,30),(1027,2,27,'2024-01-25',2,1,30),(1028,2,28,'2024-01-25',2,1,30),(1029,2,29,'2024-01-25',2,1,20),(1030,2,30,'2024-01-25',2,1,18),(1031,2,31,'2024-01-25',2,1,20),(1032,2,32,'2024-01-25',2,0,0),(1033,2,33,'2024-01-25',2,1,16),(1034,2,34,'2024-01-25',2,1,20),(1035,2,35,'2024-01-25',2,1,20),(1036,2,36,'2024-01-25',2,1,30),(1037,2,37,'2024-01-25',2,1,17),(1038,2,38,'2024-01-25',2,0,0),(1039,2,39,'2024-01-25',2,1,30),(1040,2,30,'2024-01-25',2,1,30),(1041,2,41,'2024-01-25',2,1,30),(1042,2,42,'2024-01-25',2,0,0),(1043,2,43,'2024-01-25',2,0,0),(1044,2,30,'2024-01-25',2,0,0),(1045,2,45,'2024-01-25',2,1,30),(1046,2,46,'2024-01-25',2,1,20),(1047,2,47,'2024-01-25',2,1,16),(1048,2,48,'2024-01-25',2,0,0),(1049,2,49,'2024-01-25',2,0,0),(1050,2,30,'2024-01-25',2,0,0),(1051,2,51,'2024-01-25',2,0,0),(1052,2,52,'2024-01-25',2,1,16),(1053,2,53,'2024-01-25',2,0,0),(1054,2,54,'2024-01-25',2,0,0),(1055,2,55,'2024-01-25',2,0,0),(1056,2,56,'2024-01-25',2,1,30),(1057,2,57,'2024-01-25',2,1,30),(1058,2,58,'2024-01-25',2,1,30),(1059,2,59,'2024-01-25',2,1,30),(1060,2,60,'2024-01-25',2,0,0),(1061,2,61,'2024-01-25',2,1,4),(1062,2,62,'2024-01-25',2,1,2),(1063,2,63,'2024-01-25',2,1,2),(1064,2,64,'2024-01-25',2,1,12),(1065,2,65,'2024-01-25',2,0,0),(1066,2,66,'2024-01-25',2,0,0),(1067,2,67,'2024-01-25',2,1,20),(1068,2,68,'2024-01-25',2,1,12),(1069,2,69,'2024-01-25',2,1,12),(1070,2,70,'2024-01-25',2,0,0),(1071,2,71,'2024-01-25',2,0,0),(1072,2,72,'2024-01-25',2,0,0),(1073,2,73,'2024-01-25',2,0,0),(1074,2,74,'2024-01-25',2,0,0),(1075,2,75,'2024-01-25',2,0,0),(1076,2,76,'2024-01-25',2,1,3),(1077,2,77,'2024-01-25',2,1,30),(1078,2,78,'2024-01-25',2,1,30),(1079,2,79,'2024-01-25',2,0,0),(1080,2,80,'2024-01-25',2,1,30),(1081,2,81,'2024-01-25',2,1,30),(1082,2,82,'2024-01-25',2,1,30),(1083,2,83,'2024-01-25',2,1,14),(1084,2,84,'2024-01-25',2,0,0),(1085,2,85,'2024-01-25',2,0,0),(1086,2,86,'2024-01-25',2,1,14),(1087,2,87,'2024-01-25',2,0,0),(1088,2,88,'2024-01-25',2,0,0),(1089,2,89,'2024-01-25',2,1,30),(1090,2,90,'2024-01-25',2,1,30),(1091,2,91,'2024-01-25',2,1,30),(1092,2,92,'2024-01-25',2,1,30),(1093,2,93,'2024-01-25',2,1,30),(1094,2,94,'2024-01-25',2,0,0),(1095,2,95,'2024-01-25',2,1,2),(1096,2,96,'2024-01-25',2,1,20),(1097,2,97,'2024-01-25',2,1,13),(1098,2,98,'2024-01-25',2,0,0),(1099,2,99,'2024-01-25',2,1,30),(1100,2,100,'2024-01-25',2,1,30),(1101,2,1,'2024-01-25',1,1,20),(1102,2,2,'2024-01-25',1,0,0),(1103,2,3,'2024-01-25',1,1,18),(1104,2,4,'2024-01-25',1,1,18),(1105,2,5,'2024-01-25',1,1,20),(1106,2,6,'2024-01-25',1,1,13),(1107,2,7,'2024-01-25',1,0,0),(1108,2,8,'2024-01-25',1,0,0),(1109,2,9,'2024-01-25',1,0,0),(1110,2,10,'2024-01-25',1,0,0),(1111,2,11,'2024-01-25',1,1,18),(1112,2,12,'2024-01-25',1,1,18),(1113,2,13,'2024-01-25',1,1,20),(1114,2,14,'2024-01-25',1,1,20),(1115,2,15,'2024-01-25',1,1,20),(1116,2,16,'2024-01-25',1,0,0),(1117,2,17,'2024-01-25',1,1,20),(1118,2,18,'2024-01-25',1,0,0),(1119,2,19,'2024-01-25',1,1,4),(1120,2,20,'2024-01-25',1,1,12),(1121,2,21,'2024-01-25',1,1,18),(1122,2,22,'2024-01-25',1,0,0),(1123,2,23,'2024-01-25',1,1,18),(1124,2,24,'2024-01-25',1,1,18),(1125,2,25,'2024-01-25',1,1,20),(1126,2,26,'2024-01-25',1,1,20),(1127,2,27,'2024-01-25',1,1,18),(1128,2,28,'2024-01-25',1,1,20),(1129,2,29,'2024-01-25',1,1,20),(1130,2,30,'2024-01-25',1,1,18),(1131,2,31,'2024-01-25',1,1,20),(1132,2,32,'2024-01-25',1,0,0),(1133,2,33,'2024-01-25',1,1,16),(1134,2,34,'2024-01-25',1,1,20),(1135,2,35,'2024-01-25',1,1,20),(1136,2,36,'2024-01-25',1,1,18),(1137,2,37,'2024-01-25',1,1,17),(1138,2,38,'2024-01-25',1,0,0),(1139,2,39,'2024-01-25',1,1,20),(1140,2,30,'2024-01-25',1,1,20),(1141,2,41,'2024-01-25',1,1,20),(1142,2,42,'2024-01-25',1,0,0),(1143,2,43,'2024-01-25',1,0,0),(1144,2,30,'2024-01-25',1,0,0),(1145,2,45,'2024-01-25',1,1,18),(1146,2,46,'2024-01-25',1,1,20),(1147,2,47,'2024-01-25',1,1,16),(1148,2,48,'2024-01-25',1,0,0),(1149,2,49,'2024-01-25',1,0,0),(1150,2,30,'2024-01-25',1,0,0),(1151,2,51,'2024-01-25',1,0,0),(1152,2,52,'2024-01-25',1,1,16),(1153,2,53,'2024-01-25',1,0,0),(1154,2,54,'2024-01-25',1,0,0),(1155,2,55,'2024-01-25',1,0,0),(1156,2,56,'2024-01-25',1,1,18),(1157,2,57,'2024-01-25',1,1,18),(1158,2,58,'2024-01-25',1,1,20),(1159,2,59,'2024-01-25',1,1,20),(1160,2,60,'2024-01-25',1,0,0),(1161,2,61,'2024-01-25',1,1,4),(1162,2,62,'2024-01-25',1,1,2),(1163,2,63,'2024-01-25',1,1,2),(1164,2,64,'2024-01-25',1,1,12),(1165,2,65,'2024-01-25',1,0,0),(1166,2,66,'2024-01-25',1,0,0),(1167,2,67,'2024-01-25',1,1,20),(1168,2,68,'2024-01-25',1,1,12),(1169,2,69,'2024-01-25',1,1,12),(1170,2,70,'2024-01-25',1,0,0),(1171,2,71,'2024-01-25',1,0,0),(1172,2,72,'2024-01-25',1,0,0),(1173,2,73,'2024-01-25',1,0,0),(1174,2,74,'2024-01-25',1,0,0),(1175,2,75,'2024-01-25',1,0,0),(1176,2,76,'2024-01-25',1,1,3),(1177,2,77,'2024-01-25',1,1,20),(1178,2,78,'2024-01-25',1,1,18),(1179,2,79,'2024-01-25',1,0,0),(1180,2,80,'2024-01-25',1,1,20),(1181,2,81,'2024-01-25',1,1,20),(1182,2,82,'2024-01-25',1,1,18),(1183,2,83,'2024-01-25',1,1,14),(1184,2,84,'2024-01-25',1,0,0),(1185,2,85,'2024-01-25',1,0,0),(1186,2,86,'2024-01-25',1,1,14),(1187,2,87,'2024-01-25',1,0,0),(1188,2,88,'2024-01-25',1,0,0),(1189,2,89,'2024-01-25',1,1,18),(1190,2,90,'2024-01-25',1,1,18),(1191,2,91,'2024-01-25',1,1,20),(1192,2,92,'2024-01-25',1,1,20),(1193,2,93,'2024-01-25',1,1,20),(1194,2,94,'2024-01-25',1,0,0),(1195,2,95,'2024-01-25',1,1,2),(1196,2,96,'2024-01-25',1,1,20),(1197,2,97,'2024-01-25',1,1,13),(1198,2,98,'2024-01-25',1,0,0),(1199,2,99,'2024-01-25',1,1,20),(1200,2,100,'2024-01-25',1,1,20),(1201,3,1,'2024-01-24',1,1,20),(1202,3,2,'2024-01-24',1,0,0),(1203,3,3,'2024-01-24',1,1,18),(1204,3,4,'2024-01-24',1,1,18),(1205,3,5,'2024-01-24',1,1,20),(1206,3,6,'2024-01-24',1,1,13),(1207,3,7,'2024-01-24',1,0,0),(1208,3,8,'2024-01-24',1,0,0),(1209,3,9,'2024-01-24',1,0,0),(1210,3,10,'2024-01-24',1,0,0),(1211,3,11,'2024-01-24',1,1,18),(1212,3,12,'2024-01-24',1,1,18),(1213,3,13,'2024-01-24',1,1,20),(1214,3,14,'2024-01-24',1,1,20),(1215,3,15,'2024-01-24',1,1,20),(1216,3,16,'2024-01-24',1,0,0),(1217,3,17,'2024-01-24',1,1,20),(1218,3,18,'2024-01-24',1,0,0),(1219,3,19,'2024-01-24',1,1,4),(1220,3,20,'2024-01-24',1,1,12),(1221,3,21,'2024-01-24',1,1,18),(1222,3,22,'2024-01-24',1,0,0),(1223,3,23,'2024-01-24',1,1,18),(1224,3,24,'2024-01-24',1,1,18),(1225,3,25,'2024-01-24',1,1,20),(1226,3,26,'2024-01-24',1,1,20),(1227,3,27,'2024-01-24',1,1,18),(1228,3,28,'2024-01-24',1,1,20),(1229,3,29,'2024-01-24',1,1,20),(1230,3,30,'2024-01-24',1,1,18),(1231,3,31,'2024-01-24',1,1,20),(1232,3,32,'2024-01-24',1,0,0),(1233,3,33,'2024-01-24',1,1,16),(1234,3,34,'2024-01-24',1,1,20),(1235,3,35,'2024-01-24',1,1,20),(1236,3,36,'2024-01-24',1,1,18),(1237,3,37,'2024-01-24',1,1,17),(1238,3,38,'2024-01-24',1,0,0),(1239,3,39,'2024-01-24',1,1,20),(1240,3,30,'2024-01-24',1,1,20),(1241,3,41,'2024-01-24',1,1,20),(1242,3,42,'2024-01-24',1,0,0),(1243,3,43,'2024-01-24',1,0,0),(1244,3,30,'2024-01-24',1,0,0),(1245,3,45,'2024-01-24',1,1,18),(1246,3,46,'2024-01-24',1,1,20),(1247,3,47,'2024-01-24',1,1,16),(1248,3,48,'2024-01-24',1,0,0),(1249,3,49,'2024-01-24',1,0,0),(1250,3,30,'2024-01-24',1,0,0),(1251,3,51,'2024-01-24',1,0,0),(1252,3,52,'2024-01-24',1,1,16),(1253,3,53,'2024-01-24',1,0,0),(1254,3,54,'2024-01-24',1,0,0),(1255,3,55,'2024-01-24',1,0,0),(1256,3,56,'2024-01-24',1,1,18),(1257,3,57,'2024-01-24',1,1,18),(1258,3,58,'2024-01-24',1,1,20),(1259,3,59,'2024-01-24',1,1,20),(1260,3,60,'2024-01-24',1,0,0),(1261,3,61,'2024-01-24',1,1,4),(1262,3,62,'2024-01-24',1,1,2),(1263,3,63,'2024-01-24',1,1,2),(1264,3,64,'2024-01-24',1,1,12),(1265,3,65,'2024-01-24',1,0,0),(1266,3,66,'2024-01-24',1,0,0),(1267,3,67,'2024-01-24',1,1,20),(1268,3,68,'2024-01-24',1,1,12),(1269,3,69,'2024-01-24',1,1,12),(1270,3,70,'2024-01-24',1,0,0),(1271,3,71,'2024-01-24',1,0,0),(1272,3,72,'2024-01-24',1,0,0),(1273,3,73,'2024-01-24',1,0,0),(1274,3,74,'2024-01-24',1,0,0),(1275,3,75,'2024-01-24',1,0,0),(1276,3,76,'2024-01-24',1,1,3),(1277,3,77,'2024-01-24',1,1,20),(1278,3,78,'2024-01-24',1,1,18),(1279,3,79,'2024-01-24',1,0,0),(1280,3,80,'2024-01-24',1,1,20),(1281,3,81,'2024-01-24',1,1,20),(1282,3,82,'2024-01-24',1,1,18),(1283,3,83,'2024-01-24',1,1,14),(1284,3,84,'2024-01-24',1,0,0),(1285,3,85,'2024-01-24',1,0,0),(1286,3,86,'2024-01-24',1,1,14),(1287,3,87,'2024-01-24',1,0,0),(1288,3,88,'2024-01-24',1,0,0),(1289,3,89,'2024-01-24',1,1,18),(1290,3,90,'2024-01-24',1,1,18),(1291,3,91,'2024-01-24',1,1,20),(1292,3,92,'2024-01-24',1,1,20),(1293,3,93,'2024-01-24',1,1,20),(1294,3,94,'2024-01-24',1,0,0),(1295,3,95,'2024-01-24',1,1,2),(1296,3,96,'2024-01-24',1,1,20),(1297,3,97,'2024-01-24',1,1,13),(1298,3,98,'2024-01-24',1,0,0),(1299,3,99,'2024-01-24',1,1,20),(1300,3,100,'2024-01-24',1,1,20),(1301,3,1,'2024-01-24',2,1,20),(1302,3,2,'2024-01-24',2,0,0),(1303,3,3,'2024-01-24',2,1,30),(1304,3,4,'2024-01-24',2,1,30),(1305,3,5,'2024-01-24',2,1,20),(1306,3,6,'2024-01-24',2,1,13),(1307,3,7,'2024-01-24',2,0,0),(1308,3,8,'2024-01-24',2,0,0),(1309,3,9,'2024-01-24',2,0,0),(1310,3,10,'2024-01-24',2,0,0),(1311,3,11,'2024-01-24',2,1,30),(1312,3,12,'2024-01-24',2,1,30),(1313,3,13,'2024-01-24',2,1,30),(1314,3,14,'2024-01-24',2,1,30),(1315,3,15,'2024-01-24',2,1,20),(1316,3,16,'2024-01-24',2,0,0),(1317,3,17,'2024-01-24',2,1,20),(1318,3,18,'2024-01-24',2,0,0),(1319,3,19,'2024-01-24',2,1,4),(1320,3,30,'2024-01-24',2,1,12),(1321,3,21,'2024-01-24',2,1,18),(1322,3,22,'2024-01-24',2,0,0),(1323,3,23,'2024-01-24',2,1,30),(1324,3,24,'2024-01-24',2,1,30),(1325,3,25,'2024-01-24',2,1,30),(1326,3,26,'2024-01-24',2,1,30),(1327,3,27,'2024-01-24',2,1,30),(1328,3,28,'2024-01-24',2,1,30),(1329,3,29,'2024-01-24',2,1,20),(1330,3,30,'2024-01-24',2,1,18),(1331,3,31,'2024-01-24',2,1,20),(1332,3,32,'2024-01-24',2,0,0),(1333,3,33,'2024-01-24',2,1,16),(1334,3,34,'2024-01-24',2,1,20),(1335,3,35,'2024-01-24',2,1,20),(1336,3,36,'2024-01-24',2,1,30),(1337,3,37,'2024-01-24',2,1,17),(1338,3,38,'2024-01-24',2,0,0),(1339,3,39,'2024-01-24',2,1,30),(1340,3,30,'2024-01-24',2,1,30),(1341,3,41,'2024-01-24',2,1,30),(1342,3,42,'2024-01-24',2,0,0),(1343,3,43,'2024-01-24',2,0,0),(1344,3,30,'2024-01-24',2,0,0),(1345,3,45,'2024-01-24',2,1,30),(1346,3,46,'2024-01-24',2,1,20),(1347,3,47,'2024-01-24',2,1,16),(1348,3,48,'2024-01-24',2,0,0),(1349,3,49,'2024-01-24',2,0,0),(1350,3,30,'2024-01-24',2,0,0),(1351,3,51,'2024-01-24',2,0,0),(1352,3,52,'2024-01-24',2,1,16),(1353,3,53,'2024-01-24',2,0,0),(1354,3,54,'2024-01-24',2,0,0),(1355,3,55,'2024-01-24',2,0,0),(1356,3,56,'2024-01-24',2,1,30),(1357,3,57,'2024-01-24',2,1,30),(1358,3,58,'2024-01-24',2,1,30),(1359,3,59,'2024-01-24',2,1,30),(1360,3,60,'2024-01-24',2,0,0),(1361,3,61,'2024-01-24',2,1,4),(1362,3,62,'2024-01-24',2,1,2),(1363,3,63,'2024-01-24',2,1,2),(1364,3,64,'2024-01-24',2,1,12),(1365,3,65,'2024-01-24',2,0,0),(1366,3,66,'2024-01-24',2,0,0),(1367,3,67,'2024-01-24',2,1,20),(1368,3,68,'2024-01-24',2,1,12),(1369,3,69,'2024-01-24',2,1,12),(1370,3,70,'2024-01-24',2,0,0),(1371,3,71,'2024-01-24',2,0,0),(1372,3,72,'2024-01-24',2,0,0),(1373,3,73,'2024-01-24',2,0,0),(1374,3,74,'2024-01-24',2,0,0),(1375,3,75,'2024-01-24',2,0,0),(1376,3,76,'2024-01-24',2,1,3),(1377,3,77,'2024-01-24',2,1,30),(1378,3,78,'2024-01-24',2,1,30),(1379,3,79,'2024-01-24',2,0,0),(1380,3,80,'2024-01-24',2,1,30),(1381,3,81,'2024-01-24',2,1,30),(1382,3,82,'2024-01-24',2,1,30),(1383,3,83,'2024-01-24',2,1,14),(1384,3,84,'2024-01-24',2,0,0),(1385,3,85,'2024-01-24',2,0,0),(1386,3,86,'2024-01-24',2,1,14),(1387,3,87,'2024-01-24',2,0,0),(1388,3,88,'2024-01-24',2,0,0),(1389,3,89,'2024-01-24',2,1,30),(1390,3,90,'2024-01-24',2,1,30),(1391,3,91,'2024-01-24',2,1,30),(1392,3,92,'2024-01-24',2,1,30),(1393,3,93,'2024-01-24',2,1,30),(1394,3,94,'2024-01-24',2,0,0),(1395,3,95,'2024-01-24',2,1,2),(1396,3,96,'2024-01-24',2,1,20),(1397,3,97,'2024-01-24',2,1,13),(1398,3,98,'2024-01-24',2,0,0),(1399,3,99,'2024-01-24',2,1,30),(1400,3,100,'2024-01-24',2,1,30),(1401,3,1,'2024-01-23',3,1,20),(1402,3,2,'2024-01-23',3,0,0),(1403,3,3,'2024-01-23',3,1,40),(1404,3,4,'2024-01-23',3,1,40),(1405,3,5,'2024-01-23',3,1,20),(1406,3,6,'2024-01-23',3,1,13),(1407,3,7,'2024-01-23',3,0,0),(1408,3,8,'2024-01-23',3,0,0),(1409,3,9,'2024-01-23',3,0,0),(1410,3,10,'2024-01-23',3,0,0),(1411,3,11,'2024-01-23',3,1,40),(1412,3,12,'2024-01-23',3,1,40),(1413,3,13,'2024-01-23',3,1,30),(1414,3,14,'2024-01-23',3,1,30),(1415,3,15,'2024-01-23',3,1,20),(1416,3,16,'2024-01-23',3,0,0),(1417,3,17,'2024-01-23',3,1,20),(1418,3,18,'2024-01-23',3,0,0),(1419,3,19,'2024-01-23',3,1,4),(1420,3,30,'2024-01-23',3,1,12),(1421,3,21,'2024-01-23',3,1,18),(1422,3,22,'2024-01-23',3,0,0),(1423,3,23,'2024-01-23',3,1,40),(1424,3,24,'2024-01-23',3,1,40),(1425,3,25,'2024-01-23',3,1,30),(1426,3,26,'2024-01-23',3,1,30),(1427,3,27,'2024-01-23',3,1,40),(1428,3,28,'2024-01-23',3,1,30),(1429,3,29,'2024-01-23',3,1,20),(1430,3,30,'2024-01-23',3,1,18),(1431,3,31,'2024-01-23',3,1,20),(1432,3,32,'2024-01-23',3,0,0),(1433,3,33,'2024-01-23',3,1,16),(1434,3,34,'2024-01-23',3,1,20),(1435,3,35,'2024-01-23',3,1,20),(1436,3,36,'2024-01-23',3,1,40),(1437,3,37,'2024-01-23',3,1,17),(1438,3,38,'2024-01-23',3,0,0),(1439,3,39,'2024-01-23',3,1,30),(1440,3,30,'2024-01-23',3,1,30),(1441,3,41,'2024-01-23',3,1,30),(1442,3,42,'2024-01-23',3,0,0),(1443,3,43,'2024-01-23',3,0,0),(1444,3,30,'2024-01-23',3,0,0),(1445,3,45,'2024-01-23',3,1,40),(1446,3,46,'2024-01-23',3,1,20),(1447,3,47,'2024-01-23',3,1,16),(1448,3,48,'2024-01-23',3,0,0),(1449,3,49,'2024-01-23',3,0,0),(1450,3,30,'2024-01-23',3,0,0),(1451,3,51,'2024-01-23',3,0,0),(1452,3,52,'2024-01-23',3,1,16),(1453,3,53,'2024-01-23',3,0,0),(1454,3,54,'2024-01-23',3,0,0),(1455,3,55,'2024-01-23',3,0,0),(1456,3,56,'2024-01-23',3,1,40),(1457,3,57,'2024-01-23',3,1,40),(1458,3,58,'2024-01-23',3,1,30),(1459,3,59,'2024-01-23',3,1,30),(1460,3,60,'2024-01-23',3,0,0),(1461,3,61,'2024-01-23',3,1,4),(1462,3,62,'2024-01-23',3,1,2),(1463,3,63,'2024-01-23',3,1,2),(1464,3,64,'2024-01-23',3,1,12),(1465,3,65,'2024-01-23',3,0,0),(1466,3,66,'2024-01-23',3,0,0),(1467,3,67,'2024-01-23',3,1,20),(1468,3,68,'2024-01-23',3,1,12),(1469,3,69,'2024-01-23',3,1,12),(1470,3,70,'2024-01-23',3,0,0),(1471,3,71,'2024-01-23',3,0,0),(1472,3,72,'2024-01-23',3,0,0),(1473,3,73,'2024-01-23',3,0,0),(1474,3,74,'2024-01-23',3,0,0),(1475,3,75,'2024-01-23',3,0,0),(1476,3,76,'2024-01-23',3,1,3),(1477,3,77,'2024-01-23',3,1,30),(1478,3,78,'2024-01-23',3,1,40),(1479,3,79,'2024-01-23',3,0,0),(1480,3,80,'2024-01-23',3,1,30),(1481,3,81,'2024-01-23',3,1,30),(1482,3,82,'2024-01-23',3,1,40),(1483,3,83,'2024-01-23',3,1,14),(1484,3,84,'2024-01-23',3,0,0),(1485,3,85,'2024-01-23',3,0,0),(1486,3,86,'2024-01-23',3,1,14),(1487,3,87,'2024-01-23',3,0,0),(1488,3,88,'2024-01-23',3,0,0),(1489,3,89,'2024-01-23',3,1,40),(1490,3,90,'2024-01-23',3,1,40),(1491,3,91,'2024-01-23',3,1,30),(1492,3,92,'2024-01-23',3,1,30),(1493,3,93,'2024-01-23',3,1,30),(1494,3,94,'2024-01-23',3,0,0),(1495,3,95,'2024-01-23',3,1,2),(1496,3,96,'2024-01-23',3,1,20),(1497,3,97,'2024-01-23',3,1,13),(1498,3,98,'2024-01-23',3,0,0),(1499,3,99,'2024-01-23',3,1,30),(1500,3,100,'2024-01-23',3,1,30),(1501,3,1,'2024-01-23',4,1,20),(1502,3,2,'2024-01-23',4,0,0),(1503,3,3,'2024-01-23',4,1,40),(1504,3,4,'2024-01-23',4,1,40),(1505,3,5,'2024-01-23',4,1,20),(1506,3,6,'2024-01-23',4,1,13),(1507,3,7,'2024-01-23',4,0,0),(1508,3,8,'2024-01-23',4,0,0),(1509,3,9,'2024-01-23',4,0,0),(1510,3,10,'2024-01-23',4,0,0),(1511,3,11,'2024-01-23',4,1,40),(1512,3,12,'2024-01-23',4,1,40),(1513,3,13,'2024-01-23',4,1,30),(1514,3,14,'2024-01-23',4,1,30),(1515,3,15,'2024-01-23',4,1,20),(1516,3,16,'2024-01-23',4,0,0),(1517,3,17,'2024-01-23',4,1,20),(1518,3,18,'2024-01-23',4,0,0),(1519,3,19,'2024-01-23',4,1,4),(1520,3,30,'2024-01-23',4,1,12),(1521,3,21,'2024-01-23',4,1,18),(1522,3,22,'2024-01-23',4,0,0),(1523,3,23,'2024-01-23',4,1,40),(1524,3,24,'2024-01-23',4,1,40),(1525,3,25,'2024-01-23',4,1,30),(1526,3,26,'2024-01-23',4,1,30),(1527,3,27,'2024-01-23',4,1,40),(1528,3,28,'2024-01-23',4,1,30),(1529,3,29,'2024-01-23',4,1,20),(1530,3,30,'2024-01-23',4,1,18),(1531,3,31,'2024-01-23',4,1,20),(1532,3,32,'2024-01-23',4,0,0),(1533,3,33,'2024-01-23',4,1,16),(1534,3,34,'2024-01-23',4,1,20),(1535,3,35,'2024-01-23',4,1,20),(1536,3,36,'2024-01-23',4,1,40),(1537,3,37,'2024-01-23',4,1,17),(1538,3,38,'2024-01-23',4,0,0),(1539,3,39,'2024-01-23',4,1,30),(1540,3,30,'2024-01-23',4,1,30),(1541,3,41,'2024-01-23',4,1,30),(1542,3,42,'2024-01-23',4,0,0),(1543,3,43,'2024-01-23',4,0,0),(1544,3,30,'2024-01-23',4,0,0),(1545,3,45,'2024-01-23',4,1,40),(1546,3,46,'2024-01-23',4,1,20),(1547,3,47,'2024-01-23',4,1,16),(1548,3,48,'2024-01-23',4,0,0),(1549,3,49,'2024-01-23',4,0,0),(1550,3,30,'2024-01-23',4,0,0),(1551,3,51,'2024-01-23',4,0,0),(1552,3,52,'2024-01-23',4,1,16),(1553,3,53,'2024-01-23',4,0,0),(1554,3,54,'2024-01-23',4,0,0),(1555,3,55,'2024-01-23',4,0,0),(1556,3,56,'2024-01-23',4,1,40),(1557,3,57,'2024-01-23',4,1,40),(1558,3,58,'2024-01-23',4,1,30),(1559,3,59,'2024-01-23',4,1,30),(1560,3,60,'2024-01-23',4,0,0),(1561,3,61,'2024-01-23',4,1,4),(1562,3,62,'2024-01-23',4,1,2),(1563,3,63,'2024-01-23',4,1,2),(1564,3,64,'2024-01-23',4,1,12),(1565,3,65,'2024-01-23',4,0,0),(1566,3,66,'2024-01-23',4,0,0),(1567,3,67,'2024-01-23',4,1,20),(1568,3,68,'2024-01-23',4,1,12),(1569,3,69,'2024-01-23',4,1,12),(1570,3,70,'2024-01-23',4,0,0),(1571,3,71,'2024-01-23',4,0,0),(1572,3,72,'2024-01-23',4,0,0),(1573,3,73,'2024-01-23',4,0,0),(1574,3,74,'2024-01-23',4,0,0),(1575,3,75,'2024-01-23',4,0,0),(1576,3,76,'2024-01-23',4,1,3),(1577,3,77,'2024-01-23',4,1,30),(1578,3,78,'2024-01-23',4,1,40),(1579,3,79,'2024-01-23',4,0,0),(1580,3,80,'2024-01-23',4,1,30),(1581,3,81,'2024-01-23',4,1,30),(1582,3,82,'2024-01-23',4,1,40),(1583,3,83,'2024-01-23',4,1,14),(1584,3,84,'2024-01-23',4,0,0),(1585,3,85,'2024-01-23',4,0,0),(1586,3,86,'2024-01-23',4,1,14),(1587,3,87,'2024-01-23',4,0,0),(1588,3,88,'2024-01-23',4,0,0),(1589,3,89,'2024-01-23',4,1,40),(1590,3,90,'2024-01-23',4,1,40),(1591,3,91,'2024-01-23',4,1,30),(1592,3,92,'2024-01-23',4,1,30),(1593,3,93,'2024-01-23',4,1,30),(1594,3,94,'2024-01-23',4,0,0),(1595,3,95,'2024-01-23',4,1,2),(1596,3,96,'2024-01-23',4,1,20),(1597,3,97,'2024-01-23',4,1,13),(1598,3,98,'2024-01-23',4,0,0),(1599,3,99,'2024-01-23',4,1,30),(1600,3,100,'2024-01-23',4,1,30),(1601,3,1,'2024-01-22',5,1,20),(1602,3,2,'2024-01-22',5,0,0),(1603,3,3,'2024-01-22',5,1,40),(1604,3,4,'2024-01-22',5,1,40),(1605,3,5,'2024-01-22',5,1,20),(1606,3,6,'2024-01-22',5,1,13),(1607,3,7,'2024-01-22',5,0,0),(1608,3,8,'2024-01-22',5,0,0),(1609,3,9,'2024-01-22',5,0,0),(1610,3,10,'2024-01-22',5,0,0),(1611,3,11,'2024-01-22',5,1,40),(1612,3,12,'2024-01-22',5,1,40),(1613,3,13,'2024-01-22',5,1,30),(1614,3,14,'2024-01-22',5,1,30),(1615,3,15,'2024-01-22',5,1,20),(1616,3,16,'2024-01-22',5,0,0),(1617,3,17,'2024-01-22',5,1,20),(1618,3,18,'2024-01-22',5,0,0),(1619,3,19,'2024-01-22',5,1,4),(1620,3,30,'2024-01-22',5,1,12),(1621,3,21,'2024-01-22',5,1,18),(1622,3,22,'2024-01-22',5,0,0),(1623,3,23,'2024-01-22',5,1,40),(1624,3,24,'2024-01-22',5,1,40),(1625,3,25,'2024-01-22',5,1,30),(1626,3,26,'2024-01-22',5,1,30),(1627,3,27,'2024-01-22',5,1,40),(1628,3,28,'2024-01-22',5,1,30),(1629,3,29,'2024-01-22',5,1,20),(1630,3,30,'2024-01-22',5,1,18),(1631,3,31,'2024-01-22',5,1,20),(1632,3,32,'2024-01-22',5,0,0),(1633,3,33,'2024-01-22',5,1,16),(1634,3,34,'2024-01-22',5,1,20),(1635,3,35,'2024-01-22',5,1,20),(1636,3,36,'2024-01-22',5,1,40),(1637,3,37,'2024-01-22',5,1,17),(1638,3,38,'2024-01-22',5,0,0),(1639,3,39,'2024-01-22',5,1,30),(1640,3,30,'2024-01-22',5,1,30),(1641,3,41,'2024-01-22',5,1,30),(1642,3,42,'2024-01-22',5,0,0),(1643,3,43,'2024-01-22',5,0,0),(1644,3,30,'2024-01-22',5,0,0),(1645,3,45,'2024-01-22',5,1,40),(1646,3,46,'2024-01-22',5,1,20),(1647,3,47,'2024-01-22',5,1,16),(1648,3,48,'2024-01-22',5,0,0),(1649,3,49,'2024-01-22',5,0,0),(1650,3,30,'2024-01-22',5,0,0),(1651,3,51,'2024-01-22',5,0,0),(1652,3,52,'2024-01-22',5,1,16),(1653,3,53,'2024-01-22',5,0,0),(1654,3,54,'2024-01-22',5,0,0),(1655,3,55,'2024-01-22',5,0,0),(1656,3,56,'2024-01-22',5,1,40),(1657,3,57,'2024-01-22',5,1,40),(1658,3,58,'2024-01-22',5,1,30),(1659,3,59,'2024-01-22',5,1,30),(1660,3,60,'2024-01-22',5,0,0),(1661,3,61,'2024-01-22',5,1,4),(1662,3,62,'2024-01-22',5,1,2),(1663,3,63,'2024-01-22',5,1,2),(1664,3,64,'2024-01-22',5,1,12),(1665,3,65,'2024-01-22',5,0,0),(1666,3,66,'2024-01-22',5,0,0),(1667,3,67,'2024-01-22',5,1,20),(1668,3,68,'2024-01-22',5,1,12),(1669,3,69,'2024-01-22',5,1,12),(1670,3,70,'2024-01-22',5,0,0),(1671,3,71,'2024-01-22',5,0,0),(1672,3,72,'2024-01-22',5,0,0),(1673,3,73,'2024-01-22',5,0,0),(1674,3,74,'2024-01-22',5,0,0),(1675,3,75,'2024-01-22',5,0,0),(1676,3,76,'2024-01-22',5,1,3),(1677,3,77,'2024-01-22',5,1,30),(1678,3,78,'2024-01-22',5,1,40),(1679,3,79,'2024-01-22',5,0,0),(1680,3,80,'2024-01-22',5,1,30),(1681,3,81,'2024-01-22',5,1,30),(1682,3,82,'2024-01-22',5,1,40),(1683,3,83,'2024-01-22',5,1,14),(1684,3,84,'2024-01-22',5,0,0),(1685,3,85,'2024-01-22',5,0,0),(1686,3,86,'2024-01-22',5,1,14),(1687,3,87,'2024-01-22',5,0,0),(1688,3,88,'2024-01-22',5,0,0),(1689,3,89,'2024-01-22',5,1,40),(1690,3,90,'2024-01-22',5,1,40),(1691,3,91,'2024-01-22',5,1,30),(1692,3,92,'2024-01-22',5,1,30),(1693,3,93,'2024-01-22',5,1,30),(1694,3,94,'2024-01-22',5,0,0),(1695,3,95,'2024-01-22',5,1,2),(1696,3,96,'2024-01-22',5,1,20),(1697,3,97,'2024-01-22',5,1,13),(1698,3,98,'2024-01-22',5,0,0),(1699,3,99,'2024-01-22',5,1,30),(1700,3,100,'2024-01-22',5,1,30),(1701,3,1,'2024-01-22',6,1,20),(1702,3,2,'2024-01-22',6,0,0),(1703,3,3,'2024-01-22',6,1,40),(1704,3,4,'2024-01-22',6,1,40),(1705,3,5,'2024-01-22',6,1,20),(1706,3,6,'2024-01-22',6,1,13),(1707,3,7,'2024-01-22',6,0,0),(1708,3,8,'2024-01-22',6,0,0),(1709,3,9,'2024-01-22',6,0,0),(1710,3,10,'2024-01-22',6,0,0),(1711,3,11,'2024-01-22',6,1,40),(1712,3,12,'2024-01-22',6,1,40),(1713,3,13,'2024-01-22',6,1,30),(1714,3,14,'2024-01-22',6,1,30),(1715,3,15,'2024-01-22',6,1,20),(1716,3,16,'2024-01-22',6,0,0),(1717,3,17,'2024-01-22',6,1,20),(1718,3,18,'2024-01-22',6,0,0),(1719,3,19,'2024-01-22',6,1,4),(1720,3,30,'2024-01-22',6,1,12),(1721,3,21,'2024-01-22',6,1,18),(1722,3,22,'2024-01-22',6,0,0),(1723,3,23,'2024-01-22',6,1,40),(1724,3,24,'2024-01-22',6,1,40),(1725,3,25,'2024-01-22',6,1,30),(1726,3,26,'2024-01-22',6,1,30),(1727,3,27,'2024-01-22',6,1,40),(1728,3,28,'2024-01-22',6,1,30),(1729,3,29,'2024-01-22',6,1,20),(1730,3,30,'2024-01-22',6,1,18),(1731,3,31,'2024-01-22',6,1,20),(1732,3,32,'2024-01-22',6,0,0),(1733,3,33,'2024-01-22',6,1,16),(1734,3,34,'2024-01-22',6,1,20),(1735,3,35,'2024-01-22',6,1,20),(1736,3,36,'2024-01-22',6,1,40),(1737,3,37,'2024-01-22',6,1,17),(1738,3,38,'2024-01-22',6,0,0),(1739,3,39,'2024-01-22',6,1,30),(1740,3,30,'2024-01-22',6,1,30),(1741,3,41,'2024-01-22',6,1,30),(1742,3,42,'2024-01-22',6,0,0),(1743,3,43,'2024-01-22',6,0,0),(1744,3,30,'2024-01-22',6,0,0),(1745,3,45,'2024-01-22',6,1,40),(1746,3,46,'2024-01-22',6,1,20),(1747,3,47,'2024-01-22',6,1,16),(1748,3,48,'2024-01-22',6,0,0),(1749,3,49,'2024-01-22',6,0,0),(1750,3,30,'2024-01-22',6,0,0),(1751,3,51,'2024-01-22',6,0,0),(1752,3,52,'2024-01-22',6,1,16),(1753,3,53,'2024-01-22',6,0,0),(1754,3,54,'2024-01-22',6,0,0),(1755,3,55,'2024-01-22',6,0,0),(1756,3,56,'2024-01-22',6,1,40),(1757,3,57,'2024-01-22',6,1,40),(1758,3,58,'2024-01-22',6,1,30),(1759,3,59,'2024-01-22',6,1,30),(1760,3,60,'2024-01-22',6,0,0),(1761,3,61,'2024-01-22',6,1,4),(1762,3,62,'2024-01-22',6,1,2),(1763,3,63,'2024-01-22',6,1,2),(1764,3,64,'2024-01-22',6,1,12),(1765,3,65,'2024-01-22',6,0,0),(1766,3,66,'2024-01-22',6,0,0),(1767,3,67,'2024-01-22',6,1,20),(1768,3,68,'2024-01-22',6,1,12),(1769,3,69,'2024-01-22',6,1,12),(1770,3,70,'2024-01-22',6,0,0),(1771,3,71,'2024-01-22',6,0,0),(1772,3,72,'2024-01-22',6,0,0),(1773,3,73,'2024-01-22',6,0,0),(1774,3,74,'2024-01-22',6,0,0),(1775,3,75,'2024-01-22',6,0,0),(1776,3,76,'2024-01-22',6,1,3),(1777,3,77,'2024-01-22',6,1,30),(1778,3,78,'2024-01-22',6,1,40),(1779,3,79,'2024-01-22',6,0,0),(1780,3,80,'2024-01-22',6,1,30),(1781,3,81,'2024-01-22',6,1,30),(1782,3,82,'2024-01-22',6,1,40),(1783,3,83,'2024-01-22',6,1,14),(1784,3,84,'2024-01-22',6,0,0),(1785,3,85,'2024-01-22',6,0,0),(1786,3,86,'2024-01-22',6,1,14),(1787,3,87,'2024-01-22',6,0,0),(1788,3,88,'2024-01-22',6,0,0),(1789,3,89,'2024-01-22',6,1,40),(1790,3,90,'2024-01-22',6,1,40),(1791,3,91,'2024-01-22',6,1,30),(1792,3,92,'2024-01-22',6,1,30),(1793,3,93,'2024-01-22',6,1,30),(1794,3,94,'2024-01-22',6,0,0),(1795,3,95,'2024-01-22',6,1,2),(1796,3,96,'2024-01-22',6,1,20),(1797,3,97,'2024-01-22',6,1,13),(1798,3,98,'2024-01-22',6,0,0),(1799,3,99,'2024-01-22',6,1,30),(1800,3,100,'2024-01-22',6,1,30),(1801,4,1,'2024-01-21',6,1,20),(1802,4,2,'2024-01-21',6,0,0),(1803,4,3,'2024-01-21',6,1,40),(1804,4,4,'2024-01-21',6,1,40),(1805,4,5,'2024-01-21',6,1,20),(1806,4,6,'2024-01-21',6,1,13),(1807,4,7,'2024-01-21',6,0,0),(1808,4,8,'2024-01-21',6,0,0),(1809,4,9,'2024-01-21',6,0,0),(1810,4,10,'2024-01-21',6,0,0),(1811,4,11,'2024-01-21',6,1,40),(1812,4,12,'2024-01-21',6,1,40),(1813,4,13,'2024-01-21',6,1,30),(1814,4,14,'2024-01-21',6,1,30),(1815,4,15,'2024-01-21',6,1,20),(1816,4,16,'2024-01-21',6,0,0),(1817,4,17,'2024-01-21',6,1,20),(1818,4,18,'2024-01-21',6,0,0),(1819,4,19,'2024-01-21',6,1,4),(1820,4,30,'2024-01-21',6,1,12),(1821,4,21,'2024-01-21',6,1,18),(1822,4,22,'2024-01-21',6,0,0),(1823,4,23,'2024-01-21',6,1,40),(1824,4,24,'2024-01-21',6,1,40),(1825,4,25,'2024-01-21',6,1,30),(1826,4,26,'2024-01-21',6,1,30),(1827,4,27,'2024-01-21',6,1,40),(1828,4,28,'2024-01-21',6,1,30),(1829,4,29,'2024-01-21',6,1,20),(1830,4,30,'2024-01-21',6,1,18),(1831,4,31,'2024-01-21',6,1,20),(1832,4,32,'2024-01-21',6,0,0),(1833,4,33,'2024-01-21',6,1,16),(1834,4,34,'2024-01-21',6,1,20),(1835,4,35,'2024-01-21',6,1,20),(1836,4,36,'2024-01-21',6,1,40),(1837,4,37,'2024-01-21',6,1,17),(1838,4,38,'2024-01-21',6,0,0),(1839,4,39,'2024-01-21',6,1,30),(1840,4,30,'2024-01-21',6,1,30),(1841,4,41,'2024-01-21',6,1,30),(1842,4,42,'2024-01-21',6,0,0),(1843,4,43,'2024-01-21',6,0,0),(1844,4,30,'2024-01-21',6,0,0),(1845,4,45,'2024-01-21',6,1,40),(1846,4,46,'2024-01-21',6,1,20),(1847,4,47,'2024-01-21',6,1,16),(1848,4,48,'2024-01-21',6,0,0),(1849,4,49,'2024-01-21',6,0,0),(1850,4,30,'2024-01-21',6,0,0),(1851,4,51,'2024-01-21',6,0,0),(1852,4,52,'2024-01-21',6,1,16),(1853,4,53,'2024-01-21',6,0,0),(1854,4,54,'2024-01-21',6,0,0),(1855,4,55,'2024-01-21',6,0,0),(1856,4,56,'2024-01-21',6,1,40),(1857,4,57,'2024-01-21',6,1,40),(1858,4,58,'2024-01-21',6,1,30),(1859,4,59,'2024-01-21',6,1,30),(1860,4,60,'2024-01-21',6,0,0),(1861,4,61,'2024-01-21',6,1,4),(1862,4,62,'2024-01-21',6,1,2),(1863,4,63,'2024-01-21',6,1,2),(1864,4,64,'2024-01-21',6,1,12),(1865,4,65,'2024-01-21',6,0,0),(1866,4,66,'2024-01-21',6,0,0),(1867,4,67,'2024-01-21',6,1,20),(1868,4,68,'2024-01-21',6,1,12),(1869,4,69,'2024-01-21',6,1,12),(1870,4,70,'2024-01-21',6,0,0),(1871,4,71,'2024-01-21',6,0,0),(1872,4,72,'2024-01-21',6,0,0),(1873,4,73,'2024-01-21',6,0,0),(1874,4,74,'2024-01-21',6,0,0),(1875,4,75,'2024-01-21',6,0,0),(1876,4,76,'2024-01-21',6,1,3),(1877,4,77,'2024-01-21',6,1,30),(1878,4,78,'2024-01-21',6,1,40),(1879,4,79,'2024-01-21',6,0,0),(1880,4,80,'2024-01-21',6,1,30),(1881,4,81,'2024-01-21',6,1,30),(1882,4,82,'2024-01-21',6,1,40),(1883,4,83,'2024-01-21',6,1,14),(1884,4,84,'2024-01-21',6,0,0),(1885,4,85,'2024-01-21',6,0,0),(1886,4,86,'2024-01-21',6,1,14),(1887,4,87,'2024-01-21',6,0,0),(1888,4,88,'2024-01-21',6,0,0),(1889,4,89,'2024-01-21',6,1,40),(1890,4,90,'2024-01-21',6,1,40),(1891,4,91,'2024-01-21',6,1,30),(1892,4,92,'2024-01-21',6,1,30),(1893,4,93,'2024-01-21',6,1,30),(1894,4,94,'2024-01-21',6,0,0),(1895,4,95,'2024-01-21',6,1,2),(1896,4,96,'2024-01-21',6,1,20),(1897,4,97,'2024-01-21',6,1,13),(1898,4,98,'2024-01-21',6,0,0),(1899,4,99,'2024-01-21',6,1,30),(1900,4,100,'2024-01-21',6,1,30),(1901,4,1,'2024-01-21',5,1,20),(1902,4,2,'2024-01-21',5,0,0),(1903,4,3,'2024-01-21',5,1,40),(1904,4,4,'2024-01-21',5,1,40),(1905,4,5,'2024-01-21',5,1,20),(1906,4,6,'2024-01-21',5,1,13),(1907,4,7,'2024-01-21',5,0,0),(1908,4,8,'2024-01-21',5,0,0),(1909,4,9,'2024-01-21',5,0,0),(1910,4,10,'2024-01-21',5,0,0),(1911,4,11,'2024-01-21',5,1,40),(1912,4,12,'2024-01-21',5,1,40),(1913,4,13,'2024-01-21',5,1,30),(1914,4,14,'2024-01-21',5,1,30),(1915,4,15,'2024-01-21',5,1,20),(1916,4,16,'2024-01-21',5,0,0),(1917,4,17,'2024-01-21',5,1,20),(1918,4,18,'2024-01-21',5,0,0),(1919,4,19,'2024-01-21',5,1,4),(1920,4,30,'2024-01-21',5,1,12),(1921,4,21,'2024-01-21',5,1,18),(1922,4,22,'2024-01-21',5,0,0),(1923,4,23,'2024-01-21',5,1,40),(1924,4,24,'2024-01-21',5,1,40),(1925,4,25,'2024-01-21',5,1,30),(1926,4,26,'2024-01-21',5,1,30),(1927,4,27,'2024-01-21',5,1,40),(1928,4,28,'2024-01-21',5,1,30),(1929,4,29,'2024-01-21',5,1,20),(1930,4,30,'2024-01-21',5,1,18),(1931,4,31,'2024-01-21',5,1,20),(1932,4,32,'2024-01-21',5,0,0),(1933,4,33,'2024-01-21',5,1,16),(1934,4,34,'2024-01-21',5,1,20),(1935,4,35,'2024-01-21',5,1,20),(1936,4,36,'2024-01-21',5,1,40),(1937,4,37,'2024-01-21',5,1,17),(1938,4,38,'2024-01-21',5,0,0),(1939,4,39,'2024-01-21',5,1,30),(1940,4,30,'2024-01-21',5,1,30),(1941,4,41,'2024-01-21',5,1,30),(1942,4,42,'2024-01-21',5,0,0),(1943,4,43,'2024-01-21',5,0,0),(1944,4,30,'2024-01-21',5,0,0),(1945,4,45,'2024-01-21',5,1,40),(1946,4,46,'2024-01-21',5,1,20),(1947,4,47,'2024-01-21',5,1,16),(1948,4,48,'2024-01-21',5,0,0),(1949,4,49,'2024-01-21',5,0,0),(1950,4,30,'2024-01-21',5,0,0),(1951,4,51,'2024-01-21',5,0,0),(1952,4,52,'2024-01-21',5,1,16),(1953,4,53,'2024-01-21',5,0,0),(1954,4,54,'2024-01-21',5,0,0),(1955,4,55,'2024-01-21',5,0,0),(1956,4,56,'2024-01-21',5,1,40),(1957,4,57,'2024-01-21',5,1,40),(1958,4,58,'2024-01-21',5,1,30),(1959,4,59,'2024-01-21',5,1,30),(1960,4,60,'2024-01-21',5,0,0),(1961,4,61,'2024-01-21',5,1,4),(1962,4,62,'2024-01-21',5,1,2),(1963,4,63,'2024-01-21',5,1,2),(1964,4,64,'2024-01-21',5,1,12),(1965,4,65,'2024-01-21',5,0,0),(1966,4,66,'2024-01-21',5,0,0),(1967,4,67,'2024-01-21',5,1,20),(1968,4,68,'2024-01-21',5,1,12),(1969,4,69,'2024-01-21',5,1,12),(1970,4,70,'2024-01-21',5,0,0),(1971,4,71,'2024-01-21',5,0,0),(1972,4,72,'2024-01-21',5,0,0),(1973,4,73,'2024-01-21',5,0,0),(1974,4,74,'2024-01-21',5,0,0),(1975,4,75,'2024-01-21',5,0,0),(1976,4,76,'2024-01-21',5,1,3),(1977,4,77,'2024-01-21',5,1,30),(1978,4,78,'2024-01-21',5,1,40),(1979,4,79,'2024-01-21',5,0,0),(1980,4,80,'2024-01-21',5,1,30),(1981,4,81,'2024-01-21',5,1,30),(1982,4,82,'2024-01-21',5,1,40),(1983,4,83,'2024-01-21',5,1,14),(1984,4,84,'2024-01-21',5,0,0),(1985,4,85,'2024-01-21',5,0,0),(1986,4,86,'2024-01-21',5,1,14),(1987,4,87,'2024-01-21',5,0,0),(1988,4,88,'2024-01-21',5,0,0),(1989,4,89,'2024-01-21',5,1,40),(1990,4,90,'2024-01-21',5,1,40),(1991,4,91,'2024-01-21',5,1,30),(1992,4,92,'2024-01-21',5,1,30),(1993,4,93,'2024-01-21',5,1,30),(1994,4,94,'2024-01-21',5,0,0),(1995,4,95,'2024-01-21',5,1,2),(1996,4,96,'2024-01-21',5,1,20),(1997,4,97,'2024-01-21',5,1,13),(1998,4,98,'2024-01-21',5,0,0),(1999,4,99,'2024-01-21',5,1,30),(2000,4,100,'2024-01-21',5,1,30),(2001,4,1,'2024-01-20',4,1,20),(2002,4,2,'2024-01-20',4,0,0),(2003,4,3,'2024-01-20',4,1,40),(2004,4,4,'2024-01-20',4,1,40),(2005,4,5,'2024-01-20',4,1,20),(2006,4,6,'2024-01-20',4,1,13),(2007,4,7,'2024-01-20',4,0,0),(2008,4,8,'2024-01-20',4,0,0),(2009,4,9,'2024-01-20',4,0,0),(2010,4,10,'2024-01-20',4,0,0),(2011,4,11,'2024-01-20',4,1,40),(2012,4,12,'2024-01-20',4,1,40),(2013,4,13,'2024-01-20',4,1,30),(2014,4,14,'2024-01-20',4,1,30),(2015,4,15,'2024-01-20',4,1,20),(2016,4,16,'2024-01-20',4,0,0),(2017,4,17,'2024-01-20',4,1,20),(2018,4,18,'2024-01-20',4,0,0),(2019,4,19,'2024-01-20',4,1,4),(2020,4,30,'2024-01-20',4,1,12),(2021,4,21,'2024-01-20',4,1,18),(2022,4,22,'2024-01-20',4,0,0),(2023,4,23,'2024-01-20',4,1,40),(2024,4,24,'2024-01-20',4,1,40),(2025,4,25,'2024-01-20',4,1,30),(2026,4,26,'2024-01-20',4,1,30),(2027,4,27,'2024-01-20',4,1,40),(2028,4,28,'2024-01-20',4,1,30),(2029,4,29,'2024-01-20',4,1,20),(2030,4,30,'2024-01-20',4,1,18),(2031,4,31,'2024-01-20',4,1,20),(2032,4,32,'2024-01-20',4,0,0),(2033,4,33,'2024-01-20',4,1,16),(2034,4,34,'2024-01-20',4,1,20),(2035,4,35,'2024-01-20',4,1,20),(2036,4,36,'2024-01-20',4,1,40),(2037,4,37,'2024-01-20',4,1,17),(2038,4,38,'2024-01-20',4,0,0),(2039,4,39,'2024-01-20',4,1,30),(2040,4,30,'2024-01-20',4,1,30),(2041,4,41,'2024-01-20',4,1,30),(2042,4,42,'2024-01-20',4,0,0),(2043,4,43,'2024-01-20',4,0,0),(2044,4,30,'2024-01-20',4,0,0),(2045,4,45,'2024-01-20',4,1,40),(2046,4,46,'2024-01-20',4,1,20),(2047,4,47,'2024-01-20',4,1,16),(2048,4,48,'2024-01-20',4,0,0),(2049,4,49,'2024-01-20',4,0,0),(2050,4,30,'2024-01-20',4,0,0),(2051,4,51,'2024-01-20',4,0,0),(2052,4,52,'2024-01-20',4,1,16),(2053,4,53,'2024-01-20',4,0,0),(2054,4,54,'2024-01-20',4,0,0),(2055,4,55,'2024-01-20',4,0,0),(2056,4,56,'2024-01-20',4,1,40),(2057,4,57,'2024-01-20',4,1,40),(2058,4,58,'2024-01-20',4,1,30),(2059,4,59,'2024-01-20',4,1,30),(2060,4,60,'2024-01-20',4,0,0),(2061,4,61,'2024-01-20',4,1,4),(2062,4,62,'2024-01-20',4,1,2),(2063,4,63,'2024-01-20',4,1,2),(2064,4,64,'2024-01-20',4,1,12),(2065,4,65,'2024-01-20',4,0,0),(2066,4,66,'2024-01-20',4,0,0),(2067,4,67,'2024-01-20',4,1,20),(2068,4,68,'2024-01-20',4,1,12),(2069,4,69,'2024-01-20',4,1,12),(2070,4,70,'2024-01-20',4,0,0),(2071,4,71,'2024-01-20',4,0,0),(2072,4,72,'2024-01-20',4,0,0),(2073,4,73,'2024-01-20',4,0,0),(2074,4,74,'2024-01-20',4,0,0),(2075,4,75,'2024-01-20',4,0,0),(2076,4,76,'2024-01-20',4,1,3),(2077,4,77,'2024-01-20',4,1,30),(2078,4,78,'2024-01-20',4,1,40),(2079,4,79,'2024-01-20',4,0,0),(2080,4,80,'2024-01-20',4,1,30),(2081,4,81,'2024-01-20',4,1,30),(2082,4,82,'2024-01-20',4,1,40),(2083,4,83,'2024-01-20',4,1,14),(2084,4,84,'2024-01-20',4,0,0),(2085,4,85,'2024-01-20',4,0,0),(2086,4,86,'2024-01-20',4,1,14),(2087,4,87,'2024-01-20',4,0,0),(2088,4,88,'2024-01-20',4,0,0),(2089,4,89,'2024-01-20',4,1,40),(2090,4,90,'2024-01-20',4,1,40),(2091,4,91,'2024-01-20',4,1,30),(2092,4,92,'2024-01-20',4,1,30),(2093,4,93,'2024-01-20',4,1,30),(2094,4,94,'2024-01-20',4,0,0),(2095,4,95,'2024-01-20',4,1,2),(2096,4,96,'2024-01-20',4,1,20),(2097,4,97,'2024-01-20',4,1,13),(2098,4,98,'2024-01-20',4,0,0),(2099,4,99,'2024-01-20',4,1,30),(2100,4,100,'2024-01-20',4,1,30),(2101,4,1,'2024-01-20',3,1,20),(2102,4,2,'2024-01-20',3,0,0),(2103,4,3,'2024-01-20',3,1,40),(2104,4,4,'2024-01-20',3,1,40),(2105,4,5,'2024-01-20',3,1,20),(2106,4,6,'2024-01-20',3,1,13),(2107,4,7,'2024-01-20',3,0,0),(2108,4,8,'2024-01-20',3,0,0),(2109,4,9,'2024-01-20',3,0,0),(2110,4,10,'2024-01-20',3,0,0),(2111,4,11,'2024-01-20',3,1,40),(2112,4,12,'2024-01-20',3,1,40),(2113,4,13,'2024-01-20',3,1,30),(2114,4,14,'2024-01-20',3,1,30),(2115,4,15,'2024-01-20',3,1,20),(2116,4,16,'2024-01-20',3,0,0),(2117,4,17,'2024-01-20',3,1,20),(2118,4,18,'2024-01-20',3,0,0),(2119,4,19,'2024-01-20',3,1,4),(2120,4,30,'2024-01-20',3,1,12),(2121,4,21,'2024-01-20',3,1,18),(2122,4,22,'2024-01-20',3,0,0),(2123,4,23,'2024-01-20',3,1,40),(2124,4,24,'2024-01-20',3,1,40),(2125,4,25,'2024-01-20',3,1,30),(2126,4,26,'2024-01-20',3,1,30),(2127,4,27,'2024-01-20',3,1,40),(2128,4,28,'2024-01-20',3,1,30),(2129,4,29,'2024-01-20',3,1,20),(2130,4,30,'2024-01-20',3,1,18),(2131,4,31,'2024-01-20',3,1,20),(2132,4,32,'2024-01-20',3,0,0),(2133,4,33,'2024-01-20',3,1,16),(2134,4,34,'2024-01-20',3,1,20),(2135,4,35,'2024-01-20',3,1,20),(2136,4,36,'2024-01-20',3,1,40),(2137,4,37,'2024-01-20',3,1,17),(2138,4,38,'2024-01-20',3,0,0),(2139,4,39,'2024-01-20',3,1,30),(2140,4,30,'2024-01-20',3,1,30),(2141,4,41,'2024-01-20',3,1,30),(2142,4,42,'2024-01-20',3,0,0),(2143,4,43,'2024-01-20',3,0,0),(2144,4,30,'2024-01-20',3,0,0),(2145,4,45,'2024-01-20',3,1,40),(2146,4,46,'2024-01-20',3,1,20),(2147,4,47,'2024-01-20',3,1,16),(2148,4,48,'2024-01-20',3,0,0),(2149,4,49,'2024-01-20',3,0,0),(2150,4,30,'2024-01-20',3,0,0),(2151,4,51,'2024-01-20',3,0,0),(2152,4,52,'2024-01-20',3,1,16),(2153,4,53,'2024-01-20',3,0,0),(2154,4,54,'2024-01-20',3,0,0),(2155,4,55,'2024-01-20',3,0,0),(2156,4,56,'2024-01-20',3,1,40),(2157,4,57,'2024-01-20',3,1,40),(2158,4,58,'2024-01-20',3,1,30),(2159,4,59,'2024-01-20',3,1,30),(2160,4,60,'2024-01-20',3,0,0),(2161,4,61,'2024-01-20',3,1,4),(2162,4,62,'2024-01-20',3,1,2),(2163,4,63,'2024-01-20',3,1,2),(2164,4,64,'2024-01-20',3,1,12),(2165,4,65,'2024-01-20',3,0,0),(2166,4,66,'2024-01-20',3,0,0),(2167,4,67,'2024-01-20',3,1,20),(2168,4,68,'2024-01-20',3,1,12),(2169,4,69,'2024-01-20',3,1,12),(2170,4,70,'2024-01-20',3,0,0),(2171,4,71,'2024-01-20',3,0,0),(2172,4,72,'2024-01-20',3,0,0),(2173,4,73,'2024-01-20',3,0,0),(2174,4,74,'2024-01-20',3,0,0),(2175,4,75,'2024-01-20',3,0,0),(2176,4,76,'2024-01-20',3,1,3),(2177,4,77,'2024-01-20',3,1,30),(2178,4,78,'2024-01-20',3,1,40),(2179,4,79,'2024-01-20',3,0,0),(2180,4,80,'2024-01-20',3,1,30),(2181,4,81,'2024-01-20',3,1,30),(2182,4,82,'2024-01-20',3,1,40),(2183,4,83,'2024-01-20',3,1,14),(2184,4,84,'2024-01-20',3,0,0),(2185,4,85,'2024-01-20',3,0,0),(2186,4,86,'2024-01-20',3,1,14),(2187,4,87,'2024-01-20',3,0,0),(2188,4,88,'2024-01-20',3,0,0),(2189,4,89,'2024-01-20',3,1,40),(2190,4,90,'2024-01-20',3,1,40),(2191,4,91,'2024-01-20',3,1,30),(2192,4,92,'2024-01-20',3,1,30),(2193,4,93,'2024-01-20',3,1,30),(2194,4,94,'2024-01-20',3,0,0),(2195,4,95,'2024-01-20',3,1,2),(2196,4,96,'2024-01-20',3,1,20),(2197,4,97,'2024-01-20',3,1,13),(2198,4,98,'2024-01-20',3,0,0),(2199,4,99,'2024-01-20',3,1,30),(2200,4,100,'2024-01-20',3,1,30),(2201,4,1,'2024-01-19',2,1,20),(2202,4,2,'2024-01-19',2,0,0),(2203,4,3,'2024-01-19',2,1,30),(2204,4,4,'2024-01-19',2,1,30),(2205,4,5,'2024-01-19',2,1,20),(2206,4,6,'2024-01-19',2,1,13),(2207,4,7,'2024-01-19',2,0,0),(2208,4,8,'2024-01-19',2,0,0),(2209,4,9,'2024-01-19',2,0,0),(2210,4,10,'2024-01-19',2,0,0),(2211,4,11,'2024-01-19',2,1,30),(2212,4,12,'2024-01-19',2,1,30),(2213,4,13,'2024-01-19',2,1,30),(2214,4,14,'2024-01-19',2,1,30),(2215,4,15,'2024-01-19',2,1,20),(2216,4,16,'2024-01-19',2,0,0),(2217,4,17,'2024-01-19',2,1,20),(2218,4,18,'2024-01-19',2,0,0),(2219,4,19,'2024-01-19',2,1,4),(2220,4,30,'2024-01-19',2,1,12),(2221,4,21,'2024-01-19',2,1,18),(2222,4,22,'2024-01-19',2,0,0),(2223,4,23,'2024-01-19',2,1,30),(2224,4,24,'2024-01-19',2,1,30),(2225,4,25,'2024-01-19',2,1,30),(2226,4,26,'2024-01-19',2,1,30),(2227,4,27,'2024-01-19',2,1,30),(2228,4,28,'2024-01-19',2,1,30),(2229,4,29,'2024-01-19',2,1,20),(2230,4,30,'2024-01-19',2,1,18),(2231,4,31,'2024-01-19',2,1,20),(2232,4,32,'2024-01-19',2,0,0),(2233,4,33,'2024-01-19',2,1,16),(2234,4,34,'2024-01-19',2,1,20),(2235,4,35,'2024-01-19',2,1,20),(2236,4,36,'2024-01-19',2,1,30),(2237,4,37,'2024-01-19',2,1,17),(2238,4,38,'2024-01-19',2,0,0),(2239,4,39,'2024-01-19',2,1,30),(2240,4,30,'2024-01-19',2,1,30),(2241,4,41,'2024-01-19',2,1,30),(2242,4,42,'2024-01-19',2,0,0),(2243,4,43,'2024-01-19',2,0,0),(2244,4,30,'2024-01-19',2,0,0),(2245,4,45,'2024-01-19',2,1,30),(2246,4,46,'2024-01-19',2,1,20),(2247,4,47,'2024-01-19',2,1,16),(2248,4,48,'2024-01-19',2,0,0),(2249,4,49,'2024-01-19',2,0,0),(2250,4,30,'2024-01-19',2,0,0),(2251,4,51,'2024-01-19',2,0,0),(2252,4,52,'2024-01-19',2,1,16),(2253,4,53,'2024-01-19',2,0,0),(2254,4,54,'2024-01-19',2,0,0),(2255,4,55,'2024-01-19',2,0,0),(2256,4,56,'2024-01-19',2,1,30),(2257,4,57,'2024-01-19',2,1,30),(2258,4,58,'2024-01-19',2,1,30),(2259,4,59,'2024-01-19',2,1,30),(2260,4,60,'2024-01-19',2,0,0),(2261,4,61,'2024-01-19',2,1,4),(2262,4,62,'2024-01-19',2,1,2),(2263,4,63,'2024-01-19',2,1,2),(2264,4,64,'2024-01-19',2,1,12),(2265,4,65,'2024-01-19',2,0,0),(2266,4,66,'2024-01-19',2,0,0),(2267,4,67,'2024-01-19',2,1,20),(2268,4,68,'2024-01-19',2,1,12),(2269,4,69,'2024-01-19',2,1,12),(2270,4,70,'2024-01-19',2,0,0),(2271,4,71,'2024-01-19',2,0,0),(2272,4,72,'2024-01-19',2,0,0),(2273,4,73,'2024-01-19',2,0,0),(2274,4,74,'2024-01-19',2,0,0),(2275,4,75,'2024-01-19',2,0,0),(2276,4,76,'2024-01-19',2,1,3),(2277,4,77,'2024-01-19',2,1,30),(2278,4,78,'2024-01-19',2,1,30),(2279,4,79,'2024-01-19',2,0,0),(2280,4,80,'2024-01-19',2,1,30),(2281,4,81,'2024-01-19',2,1,30),(2282,4,82,'2024-01-19',2,1,30),(2283,4,83,'2024-01-19',2,1,14),(2284,4,84,'2024-01-19',2,0,0),(2285,4,85,'2024-01-19',2,0,0),(2286,4,86,'2024-01-19',2,1,14),(2287,4,87,'2024-01-19',2,0,0),(2288,4,88,'2024-01-19',2,0,0),(2289,4,89,'2024-01-19',2,1,30),(2290,4,90,'2024-01-19',2,1,30),(2291,4,91,'2024-01-19',2,1,30),(2292,4,92,'2024-01-19',2,1,30),(2293,4,93,'2024-01-19',2,1,30),(2294,4,94,'2024-01-19',2,0,0),(2295,4,95,'2024-01-19',2,1,2),(2296,4,96,'2024-01-19',2,1,20),(2297,4,97,'2024-01-19',2,1,13),(2298,4,98,'2024-01-19',2,0,0),(2299,4,99,'2024-01-19',2,1,30),(2300,4,100,'2024-01-19',2,1,30),(2301,4,1,'2024-01-19',1,1,20),(2302,4,2,'2024-01-19',1,0,0),(2303,4,3,'2024-01-19',1,1,18),(2304,4,4,'2024-01-19',1,1,18),(2305,4,5,'2024-01-19',1,1,20),(2306,4,6,'2024-01-19',1,1,13),(2307,4,7,'2024-01-19',1,0,0),(2308,4,8,'2024-01-19',1,0,0),(2309,4,9,'2024-01-19',1,0,0),(2310,4,10,'2024-01-19',1,0,0),(2311,4,11,'2024-01-19',1,1,18),(2312,4,12,'2024-01-19',1,1,18),(2313,4,13,'2024-01-19',1,1,20),(2314,4,14,'2024-01-19',1,1,20),(2315,4,15,'2024-01-19',1,1,20),(2316,4,16,'2024-01-19',1,0,0),(2317,4,17,'2024-01-19',1,1,20),(2318,4,18,'2024-01-19',1,0,0),(2319,4,19,'2024-01-19',1,1,4),(2320,4,30,'2024-01-19',1,1,12),(2321,4,21,'2024-01-19',1,1,18),(2322,4,22,'2024-01-19',1,0,0),(2323,4,23,'2024-01-19',1,1,18),(2324,4,24,'2024-01-19',1,1,18),(2325,4,25,'2024-01-19',1,1,20),(2326,4,26,'2024-01-19',1,1,20),(2327,4,27,'2024-01-19',1,1,18),(2328,4,28,'2024-01-19',1,1,20),(2329,4,29,'2024-01-19',1,1,20),(2330,4,30,'2024-01-19',1,1,18),(2331,4,31,'2024-01-19',1,1,20),(2332,4,32,'2024-01-19',1,0,0),(2333,4,33,'2024-01-19',1,1,16),(2334,4,34,'2024-01-19',1,1,20),(2335,4,35,'2024-01-19',1,1,20),(2336,4,36,'2024-01-19',1,1,18),(2337,4,37,'2024-01-19',1,1,17),(2338,4,38,'2024-01-19',1,0,0),(2339,4,39,'2024-01-19',1,1,20),(2340,4,30,'2024-01-19',1,1,20),(2341,4,41,'2024-01-19',1,1,20),(2342,4,42,'2024-01-19',1,0,0),(2343,4,43,'2024-01-19',1,0,0),(2344,4,30,'2024-01-19',1,0,0),(2345,4,45,'2024-01-19',1,1,18),(2346,4,46,'2024-01-19',1,1,20),(2347,4,47,'2024-01-19',1,1,16),(2348,4,48,'2024-01-19',1,0,0),(2349,4,49,'2024-01-19',1,0,0),(2350,4,30,'2024-01-19',1,0,0),(2351,4,51,'2024-01-19',1,0,0),(2352,4,52,'2024-01-19',1,1,16),(2353,4,53,'2024-01-19',1,0,0),(2354,4,54,'2024-01-19',1,0,0),(2355,4,55,'2024-01-19',1,0,0),(2356,4,56,'2024-01-19',1,1,18),(2357,4,57,'2024-01-19',1,1,18),(2358,4,58,'2024-01-19',1,1,20),(2359,4,59,'2024-01-19',1,1,20),(2360,4,60,'2024-01-19',1,0,0),(2361,4,61,'2024-01-19',1,1,4),(2362,4,62,'2024-01-19',1,1,2),(2363,4,63,'2024-01-19',1,1,2),(2364,4,64,'2024-01-19',1,1,12),(2365,4,65,'2024-01-19',1,0,0),(2366,4,66,'2024-01-19',1,0,0),(2367,4,67,'2024-01-19',1,1,20),(2368,4,68,'2024-01-19',1,1,12),(2369,4,69,'2024-01-19',1,1,12),(2370,4,70,'2024-01-19',1,0,0),(2371,4,71,'2024-01-19',1,0,0),(2372,4,72,'2024-01-19',1,0,0),(2373,4,73,'2024-01-19',1,0,0),(2374,4,74,'2024-01-19',1,0,0),(2375,4,75,'2024-01-19',1,0,0),(2376,4,76,'2024-01-19',1,1,3),(2377,4,77,'2024-01-19',1,1,20),(2378,4,78,'2024-01-19',1,1,18),(2379,4,79,'2024-01-19',1,0,0),(2380,4,80,'2024-01-19',1,1,20),(2381,4,81,'2024-01-19',1,1,20),(2382,4,82,'2024-01-19',1,1,18),(2383,4,83,'2024-01-19',1,1,14),(2384,4,84,'2024-01-19',1,0,0),(2385,4,85,'2024-01-19',1,0,0),(2386,4,86,'2024-01-19',1,1,14),(2387,4,87,'2024-01-19',1,0,0),(2388,4,88,'2024-01-19',1,0,0),(2389,4,89,'2024-01-19',1,1,18),(2390,4,90,'2024-01-19',1,1,18),(2391,4,91,'2024-01-19',1,1,20),(2392,4,92,'2024-01-19',1,1,20),(2393,4,93,'2024-01-19',1,1,20),(2394,4,94,'2024-01-19',1,0,0),(2395,4,95,'2024-01-19',1,1,2),(2396,4,96,'2024-01-19',1,1,20),(2397,4,97,'2024-01-19',1,1,13),(2398,4,98,'2024-01-19',1,0,0),(2399,4,99,'2024-01-19',1,1,20),(2400,4,100,'2024-01-19',1,1,20),(2401,5,1,'2024-01-18',1,1,20),(2402,5,2,'2024-01-18',1,0,0),(2403,5,3,'2024-01-18',1,1,18),(2404,5,4,'2024-01-18',1,1,18),(2405,5,5,'2024-01-18',1,1,20),(2406,5,6,'2024-01-18',1,1,13),(2407,5,7,'2024-01-18',1,0,0),(2408,5,8,'2024-01-18',1,0,0),(2409,5,9,'2024-01-18',1,0,0),(2410,5,10,'2024-01-18',1,0,0),(2411,5,11,'2024-01-18',1,1,18),(2412,5,12,'2024-01-18',1,1,18),(2413,5,13,'2024-01-18',1,1,20),(2414,5,14,'2024-01-18',1,1,20),(2415,5,15,'2024-01-18',1,1,20),(2416,5,16,'2024-01-18',1,0,0),(2417,5,17,'2024-01-18',1,1,20),(2418,5,18,'2024-01-18',1,0,0),(2419,5,19,'2024-01-18',1,1,4),(2420,5,30,'2024-01-18',1,1,12),(2421,5,21,'2024-01-18',1,1,18),(2422,5,22,'2024-01-18',1,0,0),(2423,5,23,'2024-01-18',1,1,18),(2424,5,24,'2024-01-18',1,1,18),(2425,5,25,'2024-01-18',1,1,20),(2426,5,26,'2024-01-18',1,1,20),(2427,5,27,'2024-01-18',1,1,18),(2428,5,28,'2024-01-18',1,1,20),(2429,5,29,'2024-01-18',1,1,20),(2430,5,30,'2024-01-18',1,1,18),(2431,5,31,'2024-01-18',1,1,20),(2432,5,32,'2024-01-18',1,0,0),(2433,5,33,'2024-01-18',1,1,16),(2434,5,34,'2024-01-18',1,1,20),(2435,5,35,'2024-01-18',1,1,20),(2436,5,36,'2024-01-18',1,1,18),(2437,5,37,'2024-01-18',1,1,17),(2438,5,38,'2024-01-18',1,0,0),(2439,5,39,'2024-01-18',1,1,20),(2440,5,30,'2024-01-18',1,1,20),(2441,5,41,'2024-01-18',1,1,20),(2442,5,42,'2024-01-18',1,0,0),(2443,5,43,'2024-01-18',1,0,0),(2444,5,30,'2024-01-18',1,0,0),(2445,5,45,'2024-01-18',1,1,18),(2446,5,46,'2024-01-18',1,1,20),(2447,5,47,'2024-01-18',1,1,16),(2448,5,48,'2024-01-18',1,0,0),(2449,5,49,'2024-01-18',1,0,0),(2450,5,30,'2024-01-18',1,0,0),(2451,5,51,'2024-01-18',1,0,0),(2452,5,52,'2024-01-18',1,1,16),(2453,5,53,'2024-01-18',1,0,0),(2454,5,54,'2024-01-18',1,0,0),(2455,5,55,'2024-01-18',1,0,0),(2456,5,56,'2024-01-18',1,1,18),(2457,5,57,'2024-01-18',1,1,18),(2458,5,58,'2024-01-18',1,1,20),(2459,5,59,'2024-01-18',1,1,20),(2460,5,60,'2024-01-18',1,0,0),(2461,5,61,'2024-01-18',1,1,4),(2462,5,62,'2024-01-18',1,1,2),(2463,5,63,'2024-01-18',1,1,2),(2464,5,64,'2024-01-18',1,1,12),(2465,5,65,'2024-01-18',1,0,0),(2466,5,66,'2024-01-18',1,0,0),(2467,5,67,'2024-01-18',1,1,20),(2468,5,68,'2024-01-18',1,1,12),(2469,5,69,'2024-01-18',1,1,12),(2470,5,70,'2024-01-18',1,0,0),(2471,5,71,'2024-01-18',1,0,0),(2472,5,72,'2024-01-18',1,0,0),(2473,5,73,'2024-01-18',1,0,0),(2474,5,74,'2024-01-18',1,0,0),(2475,5,75,'2024-01-18',1,0,0),(2476,5,76,'2024-01-18',1,1,3),(2477,5,77,'2024-01-18',1,1,20),(2478,5,78,'2024-01-18',1,1,18),(2479,5,79,'2024-01-18',1,0,0),(2480,5,80,'2024-01-18',1,1,20),(2481,5,81,'2024-01-18',1,1,20),(2482,5,82,'2024-01-18',1,1,18),(2483,5,83,'2024-01-18',1,1,14),(2484,5,84,'2024-01-18',1,0,0),(2485,5,85,'2024-01-18',1,0,0),(2486,5,86,'2024-01-18',1,1,14),(2487,5,87,'2024-01-18',1,0,0),(2488,5,88,'2024-01-18',1,0,0),(2489,5,89,'2024-01-18',1,1,18),(2490,5,90,'2024-01-18',1,1,18),(2491,5,91,'2024-01-18',1,1,20),(2492,5,92,'2024-01-18',1,1,20),(2493,5,93,'2024-01-18',1,1,20),(2494,5,94,'2024-01-18',1,0,0),(2495,5,95,'2024-01-18',1,1,2),(2496,5,96,'2024-01-18',1,1,20),(2497,5,97,'2024-01-18',1,1,13),(2498,5,98,'2024-01-18',1,0,0),(2499,5,99,'2024-01-18',1,1,20),(2500,5,100,'2024-01-18',1,1,20),(2501,5,1,'2024-01-18',2,1,20),(2502,5,2,'2024-01-18',2,0,0),(2503,5,3,'2024-01-18',2,1,30),(2504,5,4,'2024-01-18',2,1,30),(2505,5,5,'2024-01-18',2,1,20),(2506,5,6,'2024-01-18',2,1,13),(2507,5,7,'2024-01-18',2,0,0),(2508,5,8,'2024-01-18',2,0,0),(2509,5,9,'2024-01-18',2,0,0),(2510,5,10,'2024-01-18',2,0,0),(2511,5,11,'2024-01-18',2,1,30),(2512,5,12,'2024-01-18',2,1,30),(2513,5,13,'2024-01-18',2,1,20),(2514,5,14,'2024-01-18',2,1,20),(2515,5,15,'2024-01-18',2,1,20),(2516,5,16,'2024-01-18',2,0,0),(2517,5,17,'2024-01-18',2,1,20),(2518,5,18,'2024-01-18',2,0,0),(2519,5,19,'2024-01-18',2,1,4),(2520,5,30,'2024-01-18',2,1,12),(2521,5,21,'2024-01-18',2,1,18),(2522,5,22,'2024-01-18',2,0,0),(2523,5,23,'2024-01-18',2,1,30),(2524,5,24,'2024-01-18',2,1,30),(2525,5,25,'2024-01-18',2,1,20),(2526,5,26,'2024-01-18',2,1,20),(2527,5,27,'2024-01-18',2,1,30),(2528,5,28,'2024-01-18',2,1,20),(2529,5,29,'2024-01-18',2,1,20),(2530,5,30,'2024-01-18',2,1,18),(2531,5,31,'2024-01-18',2,1,20),(2532,5,32,'2024-01-18',2,0,0),(2533,5,33,'2024-01-18',2,1,16),(2534,5,34,'2024-01-18',2,1,20),(2535,5,35,'2024-01-18',2,1,20),(2536,5,36,'2024-01-18',2,1,30),(2537,5,37,'2024-01-18',2,1,17),(2538,5,38,'2024-01-18',2,0,0),(2539,5,39,'2024-01-18',2,1,20),(2540,5,30,'2024-01-18',2,1,20),(2541,5,41,'2024-01-18',2,1,20),(2542,5,42,'2024-01-18',2,0,0),(2543,5,43,'2024-01-18',2,0,0),(2544,5,30,'2024-01-18',2,0,0),(2545,5,45,'2024-01-18',2,1,30),(2546,5,46,'2024-01-18',2,1,20),(2547,5,47,'2024-01-18',2,1,16),(2548,5,48,'2024-01-18',2,0,0),(2549,5,49,'2024-01-18',2,0,0),(2550,5,30,'2024-01-18',2,0,0),(2551,5,51,'2024-01-18',2,0,0),(2552,5,52,'2024-01-18',2,1,16),(2553,5,53,'2024-01-18',2,0,0),(2554,5,54,'2024-01-18',2,0,0),(2555,5,55,'2024-01-18',2,0,0),(2556,5,56,'2024-01-18',2,1,30),(2557,5,57,'2024-01-18',2,1,30),(2558,5,58,'2024-01-18',2,1,20),(2559,5,59,'2024-01-18',2,1,20),(2560,5,60,'2024-01-18',2,0,0),(2561,5,61,'2024-01-18',2,1,4),(2562,5,62,'2024-01-18',2,1,2),(2563,5,63,'2024-01-18',2,1,2),(2564,5,64,'2024-01-18',2,1,12),(2565,5,65,'2024-01-18',2,0,0),(2566,5,66,'2024-01-18',2,0,0),(2567,5,67,'2024-01-18',2,1,20),(2568,5,68,'2024-01-18',2,1,12),(2569,5,69,'2024-01-18',2,1,12),(2570,5,70,'2024-01-18',2,0,0),(2571,5,71,'2024-01-18',2,0,0),(2572,5,72,'2024-01-18',2,0,0),(2573,5,73,'2024-01-18',2,0,0),(2574,5,74,'2024-01-18',2,0,0),(2575,5,75,'2024-01-18',2,0,0),(2576,5,76,'2024-01-18',2,1,3),(2577,5,77,'2024-01-18',2,1,20),(2578,5,78,'2024-01-18',2,1,30),(2579,5,79,'2024-01-18',2,0,0),(2580,5,80,'2024-01-18',2,1,20),(2581,5,81,'2024-01-18',2,1,20),(2582,5,82,'2024-01-18',2,1,30),(2583,5,83,'2024-01-18',2,1,14),(2584,5,84,'2024-01-18',2,0,0),(2585,5,85,'2024-01-18',2,0,0),(2586,5,86,'2024-01-18',2,1,14),(2587,5,87,'2024-01-18',2,0,0),(2588,5,88,'2024-01-18',2,0,0),(2589,5,89,'2024-01-18',2,1,30),(2590,5,90,'2024-01-18',2,1,30),(2591,5,91,'2024-01-18',2,1,20),(2592,5,92,'2024-01-18',2,1,20),(2593,5,93,'2024-01-18',2,1,20),(2594,5,94,'2024-01-18',2,0,0),(2595,5,95,'2024-01-18',2,1,2),(2596,5,96,'2024-01-18',2,1,20),(2597,5,97,'2024-01-18',2,1,13),(2598,5,98,'2024-01-18',2,0,0),(2599,5,99,'2024-01-18',2,1,20),(2600,5,100,'2024-01-18',2,1,20),(2601,5,1,'2024-01-19',3,1,20),(2602,5,2,'2024-01-19',3,0,0),(2603,5,3,'2024-01-19',3,1,40),(2604,5,4,'2024-01-19',3,1,40),(2605,5,5,'2024-01-19',3,1,20),(2606,5,6,'2024-01-19',3,1,13),(2607,5,7,'2024-01-19',3,0,0),(2608,5,8,'2024-01-19',3,0,0),(2609,5,9,'2024-01-19',3,0,0),(2610,5,10,'2024-01-19',3,0,0),(2611,5,11,'2024-01-19',3,1,40),(2612,5,12,'2024-01-19',3,1,40),(2613,5,13,'2024-01-19',3,1,20),(2614,5,14,'2024-01-19',3,1,20),(2615,5,15,'2024-01-19',3,1,20),(2616,5,16,'2024-01-19',3,0,0),(2617,5,17,'2024-01-19',3,1,20),(2618,5,18,'2024-01-19',3,0,0),(2619,5,19,'2024-01-19',3,1,4),(2620,5,30,'2024-01-19',3,1,12),(2621,5,21,'2024-01-19',3,1,18),(2622,5,22,'2024-01-19',3,0,0),(2623,5,23,'2024-01-19',3,1,40),(2624,5,24,'2024-01-19',3,1,40),(2625,5,25,'2024-01-19',3,1,20),(2626,5,26,'2024-01-19',3,1,20),(2627,5,27,'2024-01-19',3,1,40),(2628,5,28,'2024-01-19',3,1,20),(2629,5,29,'2024-01-19',3,1,20),(2630,5,30,'2024-01-19',3,1,18),(2631,5,31,'2024-01-19',3,1,20),(2632,5,32,'2024-01-19',3,0,0),(2633,5,33,'2024-01-19',3,1,16),(2634,5,34,'2024-01-19',3,1,20),(2635,5,35,'2024-01-19',3,1,20),(2636,5,36,'2024-01-19',3,1,40),(2637,5,37,'2024-01-19',3,1,17),(2638,5,38,'2024-01-19',3,0,0),(2639,5,39,'2024-01-19',3,1,20),(2640,5,30,'2024-01-19',3,1,20),(2641,5,41,'2024-01-19',3,1,20),(2642,5,42,'2024-01-19',3,0,0),(2643,5,43,'2024-01-19',3,0,0),(2644,5,30,'2024-01-19',3,0,0),(2645,5,45,'2024-01-19',3,1,40),(2646,5,46,'2024-01-19',3,1,20),(2647,5,47,'2024-01-19',3,1,16),(2648,5,48,'2024-01-19',3,0,0),(2649,5,49,'2024-01-19',3,0,0),(2650,5,30,'2024-01-19',3,0,0),(2651,5,51,'2024-01-19',3,0,0),(2652,5,52,'2024-01-19',3,1,16),(2653,5,53,'2024-01-19',3,0,0),(2654,5,54,'2024-01-19',3,0,0),(2655,5,55,'2024-01-19',3,0,0),(2656,5,56,'2024-01-19',3,1,40),(2657,5,57,'2024-01-19',3,1,40),(2658,5,58,'2024-01-19',3,1,20),(2659,5,59,'2024-01-19',3,1,20),(2660,5,60,'2024-01-19',3,0,0),(2661,5,61,'2024-01-19',3,1,4),(2662,5,62,'2024-01-19',3,1,2),(2663,5,63,'2024-01-19',3,1,2),(2664,5,64,'2024-01-19',3,1,12),(2665,5,65,'2024-01-19',3,0,0),(2666,5,66,'2024-01-19',3,0,0),(2667,5,67,'2024-01-19',3,1,20),(2668,5,68,'2024-01-19',3,1,12),(2669,5,69,'2024-01-19',3,1,12),(2670,5,70,'2024-01-19',3,0,0),(2671,5,71,'2024-01-19',3,0,0),(2672,5,72,'2024-01-19',3,0,0),(2673,5,73,'2024-01-19',3,0,0),(2674,5,74,'2024-01-19',3,0,0),(2675,5,75,'2024-01-19',3,0,0),(2676,5,76,'2024-01-19',3,1,3),(2677,5,77,'2024-01-19',3,1,20),(2678,5,78,'2024-01-19',3,1,40),(2679,5,79,'2024-01-19',3,0,0),(2680,5,80,'2024-01-19',3,1,20),(2681,5,81,'2024-01-19',3,1,20),(2682,5,82,'2024-01-19',3,1,40),(2683,5,83,'2024-01-19',3,1,14),(2684,5,84,'2024-01-19',3,0,0),(2685,5,85,'2024-01-19',3,0,0),(2686,5,86,'2024-01-19',3,1,14),(2687,5,87,'2024-01-19',3,0,0),(2688,5,88,'2024-01-19',3,0,0),(2689,5,89,'2024-01-19',3,1,40),(2690,5,90,'2024-01-19',3,1,40),(2691,5,91,'2024-01-19',3,1,20),(2692,5,92,'2024-01-19',3,1,20),(2693,5,93,'2024-01-19',3,1,20),(2694,5,94,'2024-01-19',3,0,0),(2695,5,95,'2024-01-19',3,1,2),(2696,5,96,'2024-01-19',3,1,20),(2697,5,97,'2024-01-19',3,1,13),(2698,5,98,'2024-01-19',3,0,0),(2699,5,99,'2024-01-19',3,1,20),(2700,5,100,'2024-01-19',3,1,20),(2701,5,1,'2024-01-19',4,1,20),(2702,5,2,'2024-01-19',4,0,0),(2703,5,3,'2024-01-19',4,1,40),(2704,5,4,'2024-01-19',4,1,40),(2705,5,5,'2024-01-19',4,1,20),(2706,5,6,'2024-01-19',4,1,13),(2707,5,7,'2024-01-19',4,0,0),(2708,5,8,'2024-01-19',4,0,0),(2709,5,9,'2024-01-19',4,0,0),(2710,5,10,'2024-01-19',4,0,0),(2711,5,11,'2024-01-19',4,1,40),(2712,5,12,'2024-01-19',4,1,40),(2713,5,13,'2024-01-19',4,1,20),(2714,5,14,'2024-01-19',4,1,20),(2715,5,15,'2024-01-19',4,1,20),(2716,5,16,'2024-01-19',4,0,0),(2717,5,17,'2024-01-19',4,1,20),(2718,5,18,'2024-01-19',4,0,0),(2719,5,19,'2024-01-19',4,1,4),(2720,5,30,'2024-01-19',4,1,12),(2721,5,21,'2024-01-19',4,1,18),(2722,5,22,'2024-01-19',4,0,0),(2723,5,23,'2024-01-19',4,1,40),(2724,5,24,'2024-01-19',4,1,40),(2725,5,25,'2024-01-19',4,1,20),(2726,5,26,'2024-01-19',4,1,20),(2727,5,27,'2024-01-19',4,1,40),(2728,5,28,'2024-01-19',4,1,20),(2729,5,29,'2024-01-19',4,1,20),(2730,5,30,'2024-01-19',4,1,18),(2731,5,31,'2024-01-19',4,1,20),(2732,5,32,'2024-01-19',4,0,0),(2733,5,33,'2024-01-19',4,1,16),(2734,5,34,'2024-01-19',4,1,20),(2735,5,35,'2024-01-19',4,1,20),(2736,5,36,'2024-01-19',4,1,40),(2737,5,37,'2024-01-19',4,1,17),(2738,5,38,'2024-01-19',4,0,0),(2739,5,39,'2024-01-19',4,1,20),(2740,5,30,'2024-01-19',4,1,20),(2741,5,41,'2024-01-19',4,1,20),(2742,5,42,'2024-01-19',4,0,0),(2743,5,43,'2024-01-19',4,0,0),(2744,5,30,'2024-01-19',4,0,0),(2745,5,45,'2024-01-19',4,1,40),(2746,5,46,'2024-01-19',4,1,20),(2747,5,47,'2024-01-19',4,1,16),(2748,5,48,'2024-01-19',4,0,0),(2749,5,49,'2024-01-19',4,0,0),(2750,5,30,'2024-01-19',4,0,0),(2751,5,51,'2024-01-19',4,0,0),(2752,5,52,'2024-01-19',4,1,16),(2753,5,53,'2024-01-19',4,0,0),(2754,5,54,'2024-01-19',4,0,0),(2755,5,55,'2024-01-19',4,0,0),(2756,5,56,'2024-01-19',4,1,40),(2757,5,57,'2024-01-19',4,1,40),(2758,5,58,'2024-01-19',4,1,20),(2759,5,59,'2024-01-19',4,1,20),(2760,5,60,'2024-01-19',4,0,0),(2761,5,61,'2024-01-19',4,1,4),(2762,5,62,'2024-01-19',4,1,2),(2763,5,63,'2024-01-19',4,1,2),(2764,5,64,'2024-01-19',4,1,12),(2765,5,65,'2024-01-19',4,0,0),(2766,5,66,'2024-01-19',4,0,0),(2767,5,67,'2024-01-19',4,1,20),(2768,5,68,'2024-01-19',4,1,12),(2769,5,69,'2024-01-19',4,1,12),(2770,5,70,'2024-01-19',4,0,0),(2771,5,71,'2024-01-19',4,0,0),(2772,5,72,'2024-01-19',4,0,0),(2773,5,73,'2024-01-19',4,0,0),(2774,5,74,'2024-01-19',4,0,0),(2775,5,75,'2024-01-19',4,0,0),(2776,5,76,'2024-01-19',4,1,3),(2777,5,77,'2024-01-19',4,1,20),(2778,5,78,'2024-01-19',4,1,40),(2779,5,79,'2024-01-19',4,0,0),(2780,5,80,'2024-01-19',4,1,20),(2781,5,81,'2024-01-19',4,1,20),(2782,5,82,'2024-01-19',4,1,40),(2783,5,83,'2024-01-19',4,1,14),(2784,5,84,'2024-01-19',4,0,0),(2785,5,85,'2024-01-19',4,0,0),(2786,5,86,'2024-01-19',4,1,14),(2787,5,87,'2024-01-19',4,0,0),(2788,5,88,'2024-01-19',4,0,0),(2789,5,89,'2024-01-19',4,1,40),(2790,5,90,'2024-01-19',4,1,40),(2791,5,91,'2024-01-19',4,1,20),(2792,5,92,'2024-01-19',4,1,20),(2793,5,93,'2024-01-19',4,1,20),(2794,5,94,'2024-01-19',4,0,0),(2795,5,95,'2024-01-19',4,1,2),(2796,5,96,'2024-01-19',4,1,20),(2797,5,97,'2024-01-19',4,1,13),(2798,5,98,'2024-01-19',4,0,0),(2799,5,99,'2024-01-19',4,1,20),(2800,5,100,'2024-01-19',4,1,20),(2801,5,1,'2024-01-18',5,1,20),(2802,5,2,'2024-01-18',5,0,0),(2803,5,3,'2024-01-18',5,1,40),(2804,5,4,'2024-01-18',5,1,40),(2805,5,5,'2024-01-18',5,1,20),(2806,5,6,'2024-01-18',5,1,13),(2807,5,7,'2024-01-18',5,0,0),(2808,5,8,'2024-01-18',5,0,0),(2809,5,9,'2024-01-18',5,0,0),(2810,5,10,'2024-01-18',5,0,0),(2811,5,11,'2024-01-18',5,1,40),(2812,5,12,'2024-01-18',5,1,40),(2813,5,13,'2024-01-18',5,1,20),(2814,5,14,'2024-01-18',5,1,20),(2815,5,15,'2024-01-18',5,1,20),(2816,5,16,'2024-01-18',5,0,0),(2817,5,17,'2024-01-18',5,1,20),(2818,5,18,'2024-01-18',5,0,0),(2819,5,19,'2024-01-18',5,1,4),(2820,5,30,'2024-01-18',5,1,12),(2821,5,21,'2024-01-18',5,1,18),(2822,5,22,'2024-01-18',5,0,0),(2823,5,23,'2024-01-18',5,1,40),(2824,5,24,'2024-01-18',5,1,40),(2825,5,25,'2024-01-18',5,1,20),(2826,5,26,'2024-01-18',5,1,20),(2827,5,27,'2024-01-18',5,1,40),(2828,5,28,'2024-01-18',5,1,20),(2829,5,29,'2024-01-18',5,1,20),(2830,5,30,'2024-01-18',5,1,18),(2831,5,31,'2024-01-18',5,1,20),(2832,5,32,'2024-01-18',5,0,0),(2833,5,33,'2024-01-18',5,1,16),(2834,5,34,'2024-01-18',5,1,20),(2835,5,35,'2024-01-18',5,1,20),(2836,5,36,'2024-01-18',5,1,40),(2837,5,37,'2024-01-18',5,1,17),(2838,5,38,'2024-01-18',5,0,0),(2839,5,39,'2024-01-18',5,1,20),(2840,5,30,'2024-01-18',5,1,20),(2841,5,41,'2024-01-18',5,1,20),(2842,5,42,'2024-01-18',5,0,0),(2843,5,43,'2024-01-18',5,0,0),(2844,5,30,'2024-01-18',5,0,0),(2845,5,45,'2024-01-18',5,1,40),(2846,5,46,'2024-01-18',5,1,20),(2847,5,47,'2024-01-18',5,1,16),(2848,5,48,'2024-01-18',5,0,0),(2849,5,49,'2024-01-18',5,0,0),(2850,5,30,'2024-01-18',5,0,0),(2851,5,51,'2024-01-18',5,0,0),(2852,5,52,'2024-01-18',5,1,16),(2853,5,53,'2024-01-18',5,0,0),(2854,5,54,'2024-01-18',5,0,0),(2855,5,55,'2024-01-18',5,0,0),(2856,5,56,'2024-01-18',5,1,40),(2857,5,57,'2024-01-18',5,1,40),(2858,5,58,'2024-01-18',5,1,20),(2859,5,59,'2024-01-18',5,1,20),(2860,5,60,'2024-01-18',5,0,0),(2861,5,61,'2024-01-18',5,1,4),(2862,5,62,'2024-01-18',5,1,2),(2863,5,63,'2024-01-18',5,1,2),(2864,5,64,'2024-01-18',5,1,12),(2865,5,65,'2024-01-18',5,0,0),(2866,5,66,'2024-01-18',5,0,0),(2867,5,67,'2024-01-18',5,1,20),(2868,5,68,'2024-01-18',5,1,12),(2869,5,69,'2024-01-18',5,1,12),(2870,5,70,'2024-01-18',5,0,0),(2871,5,71,'2024-01-18',5,0,0),(2872,5,72,'2024-01-18',5,0,0),(2873,5,73,'2024-01-18',5,0,0),(2874,5,74,'2024-01-18',5,0,0),(2875,5,75,'2024-01-18',5,0,0),(2876,5,76,'2024-01-18',5,1,3),(2877,5,77,'2024-01-18',5,1,20),(2878,5,78,'2024-01-18',5,1,40),(2879,5,79,'2024-01-18',5,0,0),(2880,5,80,'2024-01-18',5,1,20),(2881,5,81,'2024-01-18',5,1,20),(2882,5,82,'2024-01-18',5,1,40),(2883,5,83,'2024-01-18',5,1,14),(2884,5,84,'2024-01-18',5,0,0),(2885,5,85,'2024-01-18',5,0,0),(2886,5,86,'2024-01-18',5,1,14),(2887,5,87,'2024-01-18',5,0,0),(2888,5,88,'2024-01-18',5,0,0),(2889,5,89,'2024-01-18',5,1,40),(2890,5,90,'2024-01-18',5,1,40),(2891,5,91,'2024-01-18',5,1,20),(2892,5,92,'2024-01-18',5,1,20),(2893,5,93,'2024-01-18',5,1,20),(2894,5,94,'2024-01-18',5,0,0),(2895,5,95,'2024-01-18',5,1,2),(2896,5,96,'2024-01-18',5,1,20),(2897,5,97,'2024-01-18',5,1,13),(2898,5,98,'2024-01-18',5,0,0),(2899,5,99,'2024-01-18',5,1,20),(2900,5,100,'2024-01-18',5,1,20),(2901,5,1,'2024-01-18',6,1,20),(2902,5,2,'2024-01-18',6,0,0),(2903,5,3,'2024-01-18',6,1,40),(2904,5,4,'2024-01-18',6,1,40),(2905,5,5,'2024-01-18',6,1,20),(2906,5,6,'2024-01-18',6,1,13),(2907,5,7,'2024-01-18',6,0,0),(2908,5,8,'2024-01-18',6,0,0),(2909,5,9,'2024-01-18',6,0,0),(2910,5,10,'2024-01-18',6,0,0),(2911,5,11,'2024-01-18',6,1,40),(2912,5,12,'2024-01-18',6,1,40),(2913,5,13,'2024-01-18',6,1,20),(2914,5,14,'2024-01-18',6,1,20),(2915,5,15,'2024-01-18',6,1,20),(2916,5,16,'2024-01-18',6,0,0),(2917,5,17,'2024-01-18',6,1,20),(2918,5,18,'2024-01-18',6,0,0),(2919,5,19,'2024-01-18',6,1,4),(2920,5,30,'2024-01-18',6,1,12),(2921,5,21,'2024-01-18',6,1,18),(2922,5,22,'2024-01-18',6,0,0),(2923,5,23,'2024-01-18',6,1,40),(2924,5,24,'2024-01-18',6,1,40),(2925,5,25,'2024-01-18',6,1,20),(2926,5,26,'2024-01-18',6,1,20),(2927,5,27,'2024-01-18',6,1,40),(2928,5,28,'2024-01-18',6,1,20),(2929,5,29,'2024-01-18',6,1,20),(2930,5,30,'2024-01-18',6,1,18),(2931,5,31,'2024-01-18',6,1,20),(2932,5,32,'2024-01-18',6,0,0),(2933,5,33,'2024-01-18',6,1,16),(2934,5,34,'2024-01-18',6,1,20),(2935,5,35,'2024-01-18',6,1,20),(2936,5,36,'2024-01-18',6,1,40),(2937,5,37,'2024-01-18',6,1,17),(2938,5,38,'2024-01-18',6,0,0),(2939,5,39,'2024-01-18',6,1,20),(2940,5,30,'2024-01-18',6,1,20),(2941,5,41,'2024-01-18',6,1,20),(2942,5,42,'2024-01-18',6,0,0),(2943,5,43,'2024-01-18',6,0,0),(2944,5,30,'2024-01-18',6,0,0),(2945,5,45,'2024-01-18',6,1,40),(2946,5,46,'2024-01-18',6,1,20),(2947,5,47,'2024-01-18',6,1,16),(2948,5,48,'2024-01-18',6,0,0),(2949,5,49,'2024-01-18',6,0,0),(2950,5,30,'2024-01-18',6,0,0),(2951,5,51,'2024-01-18',6,0,0),(2952,5,52,'2024-01-18',6,1,16),(2953,5,53,'2024-01-18',6,0,0),(2954,5,54,'2024-01-18',6,0,0),(2955,5,55,'2024-01-18',6,0,0),(2956,5,56,'2024-01-18',6,1,40),(2957,5,57,'2024-01-18',6,1,40),(2958,5,58,'2024-01-18',6,1,20),(2959,5,59,'2024-01-18',6,1,20),(2960,5,60,'2024-01-18',6,0,0),(2961,5,61,'2024-01-18',6,1,4),(2962,5,62,'2024-01-18',6,1,2),(2963,5,63,'2024-01-18',6,1,2),(2964,5,64,'2024-01-18',6,1,12),(2965,5,65,'2024-01-18',6,0,0),(2966,5,66,'2024-01-18',6,0,0),(2967,5,67,'2024-01-18',6,1,20),(2968,5,68,'2024-01-18',6,1,12),(2969,5,69,'2024-01-18',6,1,12),(2970,5,70,'2024-01-18',6,0,0),(2971,5,71,'2024-01-18',6,0,0),(2972,5,72,'2024-01-18',6,0,0),(2973,5,73,'2024-01-18',6,0,0),(2974,5,74,'2024-01-18',6,0,0),(2975,5,75,'2024-01-18',6,0,0),(2976,5,76,'2024-01-18',6,1,3),(2977,5,77,'2024-01-18',6,1,20),(2978,5,78,'2024-01-18',6,1,40),(2979,5,79,'2024-01-18',6,0,0),(2980,5,80,'2024-01-18',6,1,20),(2981,5,81,'2024-01-18',6,1,20),(2982,5,82,'2024-01-18',6,1,40),(2983,5,83,'2024-01-18',6,1,14),(2984,5,84,'2024-01-18',6,0,0),(2985,5,85,'2024-01-18',6,0,0),(2986,5,86,'2024-01-18',6,1,14),(2987,5,87,'2024-01-18',6,0,0),(2988,5,88,'2024-01-18',6,0,0),(2989,5,89,'2024-01-18',6,1,40),(2990,5,90,'2024-01-18',6,1,40),(2991,5,91,'2024-01-18',6,1,20),(2992,5,92,'2024-01-18',6,1,20),(2993,5,93,'2024-01-18',6,1,20),(2994,5,94,'2024-01-18',6,0,0),(2995,5,95,'2024-01-18',6,1,2),(2996,5,96,'2024-01-18',6,1,20),(2997,5,97,'2024-01-18',6,1,13),(2998,5,98,'2024-01-18',6,0,0),(2999,5,99,'2024-01-18',6,1,20),(3000,5,100,'2024-01-18',6,1,20),(3001,6,1,'2024-01-17',6,1,20),(3002,6,2,'2024-01-17',6,0,0),(3003,6,3,'2024-01-17',6,1,40),(3004,6,4,'2024-01-17',6,1,40),(3005,6,5,'2024-01-17',6,1,20),(3006,6,6,'2024-01-17',6,1,13),(3007,6,7,'2024-01-17',6,0,0),(3008,6,8,'2024-01-17',6,0,0),(3009,6,9,'2024-01-17',6,0,0),(3010,6,10,'2024-01-17',6,0,0),(3011,6,11,'2024-01-17',6,1,40),(3012,6,12,'2024-01-17',6,1,40),(3013,6,13,'2024-01-17',6,1,20),(3014,6,14,'2024-01-17',6,1,20),(3015,6,15,'2024-01-17',6,1,20),(3016,6,16,'2024-01-17',6,0,0),(3017,6,17,'2024-01-17',6,1,20),(3018,6,18,'2024-01-17',6,0,0),(3019,6,19,'2024-01-17',6,1,4),(3020,6,30,'2024-01-17',6,1,12),(3021,6,21,'2024-01-17',6,1,18),(3022,6,22,'2024-01-17',6,0,0),(3023,6,23,'2024-01-17',6,1,40),(3024,6,24,'2024-01-17',6,1,40),(3025,6,25,'2024-01-17',6,1,20),(3026,6,26,'2024-01-17',6,1,20),(3027,6,27,'2024-01-17',6,1,40),(3028,6,28,'2024-01-17',6,1,20),(3029,6,29,'2024-01-17',6,1,20),(3030,6,30,'2024-01-17',6,1,18),(3031,6,31,'2024-01-17',6,1,20),(3032,6,32,'2024-01-17',6,0,0),(3033,6,33,'2024-01-17',6,1,16),(3034,6,34,'2024-01-17',6,1,20),(3035,6,35,'2024-01-17',6,1,20),(3036,6,36,'2024-01-17',6,1,40),(3037,6,37,'2024-01-17',6,1,17),(3038,6,38,'2024-01-17',6,0,0),(3039,6,39,'2024-01-17',6,1,20),(3040,6,30,'2024-01-17',6,1,20),(3041,6,41,'2024-01-17',6,1,20),(3042,6,42,'2024-01-17',6,0,0),(3043,6,43,'2024-01-17',6,0,0),(3044,6,30,'2024-01-17',6,0,0),(3045,6,45,'2024-01-17',6,1,40),(3046,6,46,'2024-01-17',6,1,20),(3047,6,47,'2024-01-17',6,1,16),(3048,6,48,'2024-01-17',6,0,0),(3049,6,49,'2024-01-17',6,0,0),(3050,6,30,'2024-01-17',6,0,0),(3051,6,51,'2024-01-17',6,0,0),(3052,6,52,'2024-01-17',6,1,16),(3053,6,53,'2024-01-17',6,0,0),(3054,6,54,'2024-01-17',6,0,0),(3055,6,55,'2024-01-17',6,0,0),(3056,6,56,'2024-01-17',6,1,40),(3057,6,57,'2024-01-17',6,1,40),(3058,6,58,'2024-01-17',6,1,20),(3059,6,59,'2024-01-17',6,1,20),(3060,6,60,'2024-01-17',6,0,0),(3061,6,61,'2024-01-17',6,1,4),(3062,6,62,'2024-01-17',6,1,2),(3063,6,63,'2024-01-17',6,1,2),(3064,6,64,'2024-01-17',6,1,12),(3065,6,65,'2024-01-17',6,0,0),(3066,6,66,'2024-01-17',6,0,0),(3067,6,67,'2024-01-17',6,1,20),(3068,6,68,'2024-01-17',6,1,12),(3069,6,69,'2024-01-17',6,1,12),(3070,6,70,'2024-01-17',6,0,0),(3071,6,71,'2024-01-17',6,0,0),(3072,6,72,'2024-01-17',6,0,0),(3073,6,73,'2024-01-17',6,0,0),(3074,6,74,'2024-01-17',6,0,0),(3075,6,75,'2024-01-17',6,0,0),(3076,6,76,'2024-01-17',6,1,3),(3077,6,77,'2024-01-17',6,1,20),(3078,6,78,'2024-01-17',6,1,40),(3079,6,79,'2024-01-17',6,0,0),(3080,6,80,'2024-01-17',6,1,20),(3081,6,81,'2024-01-17',6,1,20),(3082,6,82,'2024-01-17',6,1,40),(3083,6,83,'2024-01-17',6,1,14),(3084,6,84,'2024-01-17',6,0,0),(3085,6,85,'2024-01-17',6,0,0),(3086,6,86,'2024-01-17',6,1,14),(3087,6,87,'2024-01-17',6,0,0),(3088,6,88,'2024-01-17',6,0,0),(3089,6,89,'2024-01-17',6,1,40),(3090,6,90,'2024-01-17',6,1,40),(3091,6,91,'2024-01-17',6,1,20),(3092,6,92,'2024-01-17',6,1,20),(3093,6,93,'2024-01-17',6,1,20),(3094,6,94,'2024-01-17',6,0,0),(3095,6,95,'2024-01-17',6,1,2),(3096,6,96,'2024-01-17',6,1,20),(3097,6,97,'2024-01-17',6,1,13),(3098,6,98,'2024-01-17',6,0,0),(3099,6,99,'2024-01-17',6,1,20),(3100,6,100,'2024-01-17',6,1,20),(3101,6,1,'2024-01-17',5,1,20),(3102,6,2,'2024-01-17',5,0,0),(3103,6,3,'2024-01-17',5,1,40),(3104,6,4,'2024-01-17',5,1,40),(3105,6,5,'2024-01-17',5,1,20),(3106,6,6,'2024-01-17',5,1,13),(3107,6,7,'2024-01-17',5,0,0),(3108,6,8,'2024-01-17',5,0,0),(3109,6,9,'2024-01-17',5,0,0),(3110,6,10,'2024-01-17',5,0,0),(3111,6,11,'2024-01-17',5,1,40),(3112,6,12,'2024-01-17',5,1,40),(3113,6,13,'2024-01-17',5,1,20),(3114,6,14,'2024-01-17',5,1,20),(3115,6,15,'2024-01-17',5,1,20),(3116,6,16,'2024-01-17',5,0,0),(3117,6,17,'2024-01-17',5,1,20),(3118,6,18,'2024-01-17',5,0,0),(3119,6,19,'2024-01-17',5,1,4),(3120,6,30,'2024-01-17',5,1,12),(3121,6,21,'2024-01-17',5,1,18),(3122,6,22,'2024-01-17',5,0,0),(3123,6,23,'2024-01-17',5,1,40),(3124,6,24,'2024-01-17',5,1,40),(3125,6,25,'2024-01-17',5,1,20),(3126,6,26,'2024-01-17',5,1,20),(3127,6,27,'2024-01-17',5,1,40),(3128,6,28,'2024-01-17',5,1,20),(3129,6,29,'2024-01-17',5,1,20),(3130,6,30,'2024-01-17',5,1,18),(3131,6,31,'2024-01-17',5,1,20),(3132,6,32,'2024-01-17',5,0,0),(3133,6,33,'2024-01-17',5,1,16),(3134,6,34,'2024-01-17',5,1,20),(3135,6,35,'2024-01-17',5,1,20),(3136,6,36,'2024-01-17',5,1,40),(3137,6,37,'2024-01-17',5,1,17),(3138,6,38,'2024-01-17',5,0,0),(3139,6,39,'2024-01-17',5,1,20),(3140,6,30,'2024-01-17',5,1,20),(3141,6,41,'2024-01-17',5,1,20),(3142,6,42,'2024-01-17',5,0,0),(3143,6,43,'2024-01-17',5,0,0),(3144,6,30,'2024-01-17',5,0,0),(3145,6,45,'2024-01-17',5,1,40),(3146,6,46,'2024-01-17',5,1,20),(3147,6,47,'2024-01-17',5,1,16),(3148,6,48,'2024-01-17',5,0,0),(3149,6,49,'2024-01-17',5,0,0),(3150,6,30,'2024-01-17',5,0,0),(3151,6,51,'2024-01-17',5,0,0),(3152,6,52,'2024-01-17',5,1,16),(3153,6,53,'2024-01-17',5,0,0),(3154,6,54,'2024-01-17',5,0,0),(3155,6,55,'2024-01-17',5,0,0),(3156,6,56,'2024-01-17',5,1,40),(3157,6,57,'2024-01-17',5,1,40),(3158,6,58,'2024-01-17',5,1,20),(3159,6,59,'2024-01-17',5,1,20),(3160,6,60,'2024-01-17',5,0,0),(3161,6,61,'2024-01-17',5,1,4),(3162,6,62,'2024-01-17',5,1,2),(3163,6,63,'2024-01-17',5,1,2),(3164,6,64,'2024-01-17',5,1,12),(3165,6,65,'2024-01-17',5,0,0),(3166,6,66,'2024-01-17',5,0,0),(3167,6,67,'2024-01-17',5,1,20),(3168,6,68,'2024-01-17',5,1,12),(3169,6,69,'2024-01-17',5,1,12),(3170,6,70,'2024-01-17',5,0,0),(3171,6,71,'2024-01-17',5,0,0),(3172,6,72,'2024-01-17',5,0,0),(3173,6,73,'2024-01-17',5,0,0),(3174,6,74,'2024-01-17',5,0,0),(3175,6,75,'2024-01-17',5,0,0),(3176,6,76,'2024-01-17',5,1,3),(3177,6,77,'2024-01-17',5,1,20),(3178,6,78,'2024-01-17',5,1,40),(3179,6,79,'2024-01-17',5,0,0),(3180,6,80,'2024-01-17',5,1,20),(3181,6,81,'2024-01-17',5,1,20),(3182,6,82,'2024-01-17',5,1,40),(3183,6,83,'2024-01-17',5,1,14),(3184,6,84,'2024-01-17',5,0,0),(3185,6,85,'2024-01-17',5,0,0),(3186,6,86,'2024-01-17',5,1,14),(3187,6,87,'2024-01-17',5,0,0),(3188,6,88,'2024-01-17',5,0,0),(3189,6,89,'2024-01-17',5,1,40),(3190,6,90,'2024-01-17',5,1,40),(3191,6,91,'2024-01-17',5,1,20),(3192,6,92,'2024-01-17',5,1,20),(3193,6,93,'2024-01-17',5,1,20),(3194,6,94,'2024-01-17',5,0,0),(3195,6,95,'2024-01-17',5,1,2),(3196,6,96,'2024-01-17',5,1,20),(3197,6,97,'2024-01-17',5,1,13),(3198,6,98,'2024-01-17',5,0,0),(3199,6,99,'2024-01-17',5,1,20),(3200,6,100,'2024-01-17',5,1,20),(3201,6,1,'2024-01-16',4,1,20),(3202,6,2,'2024-01-16',4,0,0),(3203,6,3,'2024-01-16',4,1,40),(3204,6,4,'2024-01-16',4,1,40),(3205,6,5,'2024-01-16',4,1,20),(3206,6,6,'2024-01-16',4,1,13),(3207,6,7,'2024-01-16',4,0,0),(3208,6,8,'2024-01-16',4,0,0),(3209,6,9,'2024-01-16',4,0,0),(3210,6,10,'2024-01-16',4,0,0),(3211,6,11,'2024-01-16',4,1,40),(3212,6,12,'2024-01-16',4,1,40),(3213,6,13,'2024-01-16',4,1,20),(3214,6,14,'2024-01-16',4,1,20),(3215,6,15,'2024-01-16',4,1,20),(3216,6,16,'2024-01-16',4,0,0),(3217,6,17,'2024-01-16',4,1,20),(3218,6,18,'2024-01-16',4,0,0),(3219,6,19,'2024-01-16',4,1,4),(3220,6,30,'2024-01-16',4,1,12),(3221,6,21,'2024-01-16',4,1,18),(3222,6,22,'2024-01-16',4,0,0),(3223,6,23,'2024-01-16',4,1,40),(3224,6,24,'2024-01-16',4,1,40),(3225,6,25,'2024-01-16',4,1,20),(3226,6,26,'2024-01-16',4,1,20),(3227,6,27,'2024-01-16',4,1,40),(3228,6,28,'2024-01-16',4,1,20),(3229,6,29,'2024-01-16',4,1,20),(3230,6,30,'2024-01-16',4,1,18),(3231,6,31,'2024-01-16',4,1,20),(3232,6,32,'2024-01-16',4,0,0),(3233,6,33,'2024-01-16',4,1,16),(3234,6,34,'2024-01-16',4,1,20),(3235,6,35,'2024-01-16',4,1,20),(3236,6,36,'2024-01-16',4,1,40),(3237,6,37,'2024-01-16',4,1,17),(3238,6,38,'2024-01-16',4,0,0),(3239,6,39,'2024-01-16',4,1,20),(3240,6,30,'2024-01-16',4,1,20),(3241,6,41,'2024-01-16',4,1,20),(3242,6,42,'2024-01-16',4,0,0),(3243,6,43,'2024-01-16',4,0,0),(3244,6,30,'2024-01-16',4,0,0),(3245,6,45,'2024-01-16',4,1,40),(3246,6,46,'2024-01-16',4,1,20),(3247,6,47,'2024-01-16',4,1,16),(3248,6,48,'2024-01-16',4,0,0),(3249,6,49,'2024-01-16',4,0,0),(3250,6,30,'2024-01-16',4,0,0),(3251,6,51,'2024-01-16',4,0,0),(3252,6,52,'2024-01-16',4,1,16),(3253,6,53,'2024-01-16',4,0,0),(3254,6,54,'2024-01-16',4,0,0),(3255,6,55,'2024-01-16',4,0,0),(3256,6,56,'2024-01-16',4,1,40),(3257,6,57,'2024-01-16',4,1,40),(3258,6,58,'2024-01-16',4,1,20),(3259,6,59,'2024-01-16',4,1,20),(3260,6,60,'2024-01-16',4,0,0),(3261,6,61,'2024-01-16',4,1,4),(3262,6,62,'2024-01-16',4,1,2),(3263,6,63,'2024-01-16',4,1,2),(3264,6,64,'2024-01-16',4,1,12),(3265,6,65,'2024-01-16',4,0,0),(3266,6,66,'2024-01-16',4,0,0),(3267,6,67,'2024-01-16',4,1,20),(3268,6,68,'2024-01-16',4,1,12),(3269,6,69,'2024-01-16',4,1,12),(3270,6,70,'2024-01-16',4,0,0),(3271,6,71,'2024-01-16',4,0,0),(3272,6,72,'2024-01-16',4,0,0),(3273,6,73,'2024-01-16',4,0,0),(3274,6,74,'2024-01-16',4,0,0),(3275,6,75,'2024-01-16',4,0,0),(3276,6,76,'2024-01-16',4,1,3),(3277,6,77,'2024-01-16',4,1,20),(3278,6,78,'2024-01-16',4,1,40),(3279,6,79,'2024-01-16',4,0,0),(3280,6,80,'2024-01-16',4,1,20),(3281,6,81,'2024-01-16',4,1,20),(3282,6,82,'2024-01-16',4,1,40),(3283,6,83,'2024-01-16',4,1,14),(3284,6,84,'2024-01-16',4,0,0),(3285,6,85,'2024-01-16',4,0,0),(3286,6,86,'2024-01-16',4,1,14),(3287,6,87,'2024-01-16',4,0,0),(3288,6,88,'2024-01-16',4,0,0),(3289,6,89,'2024-01-16',4,1,40),(3290,6,90,'2024-01-16',4,1,40),(3291,6,91,'2024-01-16',4,1,20),(3292,6,92,'2024-01-16',4,1,20),(3293,6,93,'2024-01-16',4,1,20),(3294,6,94,'2024-01-16',4,0,0),(3295,6,95,'2024-01-16',4,1,2),(3296,6,96,'2024-01-16',4,1,20),(3297,6,97,'2024-01-16',4,1,13),(3298,6,98,'2024-01-16',4,0,0),(3299,6,99,'2024-01-16',4,1,20),(3300,6,100,'2024-01-16',4,1,20),(3301,6,1,'2024-01-16',3,1,20),(3302,6,2,'2024-01-16',3,0,0),(3303,6,3,'2024-01-16',3,1,40),(3304,6,4,'2024-01-16',3,1,40),(3305,6,5,'2024-01-16',3,1,20),(3306,6,6,'2024-01-16',3,1,13),(3307,6,7,'2024-01-16',3,0,0),(3308,6,8,'2024-01-16',3,0,0),(3309,6,9,'2024-01-16',3,0,0),(3310,6,10,'2024-01-16',3,0,0),(3311,6,11,'2024-01-16',3,1,40),(3312,6,12,'2024-01-16',3,1,40),(3313,6,13,'2024-01-16',3,1,20),(3314,6,14,'2024-01-16',3,1,20),(3315,6,15,'2024-01-16',3,1,20),(3316,6,16,'2024-01-16',3,0,0),(3317,6,17,'2024-01-16',3,1,20),(3318,6,18,'2024-01-16',3,0,0),(3319,6,19,'2024-01-16',3,1,4),(3320,6,30,'2024-01-16',3,1,12),(3321,6,21,'2024-01-16',3,1,18),(3322,6,22,'2024-01-16',3,0,0),(3323,6,23,'2024-01-16',3,1,40),(3324,6,24,'2024-01-16',3,1,40),(3325,6,25,'2024-01-16',3,1,20),(3326,6,26,'2024-01-16',3,1,20),(3327,6,27,'2024-01-16',3,1,40),(3328,6,28,'2024-01-16',3,1,20),(3329,6,29,'2024-01-16',3,1,20),(3330,6,30,'2024-01-16',3,1,18),(3331,6,31,'2024-01-16',3,1,20),(3332,6,32,'2024-01-16',3,0,0),(3333,6,33,'2024-01-16',3,1,16),(3334,6,34,'2024-01-16',3,1,20),(3335,6,35,'2024-01-16',3,1,20),(3336,6,36,'2024-01-16',3,1,40),(3337,6,37,'2024-01-16',3,1,17),(3338,6,38,'2024-01-16',3,0,0),(3339,6,39,'2024-01-16',3,1,20),(3340,6,30,'2024-01-16',3,1,20),(3341,6,41,'2024-01-16',3,1,20),(3342,6,42,'2024-01-16',3,0,0),(3343,6,43,'2024-01-16',3,0,0),(3344,6,30,'2024-01-16',3,0,0),(3345,6,45,'2024-01-16',3,1,40),(3346,6,46,'2024-01-16',3,1,20),(3347,6,47,'2024-01-16',3,1,16),(3348,6,48,'2024-01-16',3,0,0),(3349,6,49,'2024-01-16',3,0,0),(3350,6,30,'2024-01-16',3,0,0),(3351,6,51,'2024-01-16',3,0,0),(3352,6,52,'2024-01-16',3,1,16),(3353,6,53,'2024-01-16',3,0,0),(3354,6,54,'2024-01-16',3,0,0),(3355,6,55,'2024-01-16',3,0,0),(3356,6,56,'2024-01-16',3,1,40),(3357,6,57,'2024-01-16',3,1,40),(3358,6,58,'2024-01-16',3,1,20),(3359,6,59,'2024-01-16',3,1,20),(3360,6,60,'2024-01-16',3,0,0),(3361,6,61,'2024-01-16',3,1,4),(3362,6,62,'2024-01-16',3,1,2),(3363,6,63,'2024-01-16',3,1,2),(3364,6,64,'2024-01-16',3,1,12),(3365,6,65,'2024-01-16',3,0,0),(3366,6,66,'2024-01-16',3,0,0),(3367,6,67,'2024-01-16',3,1,20),(3368,6,68,'2024-01-16',3,1,12),(3369,6,69,'2024-01-16',3,1,12),(3370,6,70,'2024-01-16',3,0,0),(3371,6,71,'2024-01-16',3,0,0),(3372,6,72,'2024-01-16',3,0,0),(3373,6,73,'2024-01-16',3,0,0),(3374,6,74,'2024-01-16',3,0,0),(3375,6,75,'2024-01-16',3,0,0),(3376,6,76,'2024-01-16',3,1,3),(3377,6,77,'2024-01-16',3,1,20),(3378,6,78,'2024-01-16',3,1,40),(3379,6,79,'2024-01-16',3,0,0),(3380,6,80,'2024-01-16',3,1,20),(3381,6,81,'2024-01-16',3,1,20),(3382,6,82,'2024-01-16',3,1,40),(3383,6,83,'2024-01-16',3,1,14),(3384,6,84,'2024-01-16',3,0,0),(3385,6,85,'2024-01-16',3,0,0),(3386,6,86,'2024-01-16',3,1,14),(3387,6,87,'2024-01-16',3,0,0),(3388,6,88,'2024-01-16',3,0,0),(3389,6,89,'2024-01-16',3,1,40),(3390,6,90,'2024-01-16',3,1,40),(3391,6,91,'2024-01-16',3,1,20),(3392,6,92,'2024-01-16',3,1,20),(3393,6,93,'2024-01-16',3,1,20),(3394,6,94,'2024-01-16',3,0,0),(3395,6,95,'2024-01-16',3,1,2),(3396,6,96,'2024-01-16',3,1,20),(3397,6,97,'2024-01-16',3,1,13),(3398,6,98,'2024-01-16',3,0,0),(3399,6,99,'2024-01-16',3,1,20),(3400,6,100,'2024-01-16',3,1,20),(3401,6,1,'2024-01-15',2,1,20),(3402,6,2,'2024-01-15',2,0,0),(3403,6,3,'2024-01-15',2,1,30),(3404,6,4,'2024-01-15',2,1,30),(3405,6,5,'2024-01-15',2,1,20),(3406,6,6,'2024-01-15',2,1,13),(3407,6,7,'2024-01-15',2,0,0),(3408,6,8,'2024-01-15',2,0,0),(3409,6,9,'2024-01-15',2,0,0),(3410,6,10,'2024-01-15',2,0,0),(3411,6,11,'2024-01-15',2,1,30),(3412,6,12,'2024-01-15',2,1,30),(3413,6,13,'2024-01-15',2,1,20),(3414,6,14,'2024-01-15',2,1,20),(3415,6,15,'2024-01-15',2,1,20),(3416,6,16,'2024-01-15',2,0,0),(3417,6,17,'2024-01-15',2,1,20),(3418,6,18,'2024-01-15',2,0,0),(3419,6,19,'2024-01-15',2,1,4),(3420,6,30,'2024-01-15',2,1,12),(3421,6,21,'2024-01-15',2,1,18),(3422,6,22,'2024-01-15',2,0,0),(3423,6,23,'2024-01-15',2,1,30),(3424,6,24,'2024-01-15',2,1,30),(3425,6,25,'2024-01-15',2,1,20),(3426,6,26,'2024-01-15',2,1,20),(3427,6,27,'2024-01-15',2,1,30),(3428,6,28,'2024-01-15',2,1,20),(3429,6,29,'2024-01-15',2,1,20),(3430,6,30,'2024-01-15',2,1,18),(3431,6,31,'2024-01-15',2,1,20),(3432,6,32,'2024-01-15',2,0,0),(3433,6,33,'2024-01-15',2,1,16),(3434,6,34,'2024-01-15',2,1,20),(3435,6,35,'2024-01-15',2,1,20),(3436,6,36,'2024-01-15',2,1,30),(3437,6,37,'2024-01-15',2,1,17),(3438,6,38,'2024-01-15',2,0,0),(3439,6,39,'2024-01-15',2,1,20),(3440,6,30,'2024-01-15',2,1,20),(3441,6,41,'2024-01-15',2,1,20),(3442,6,42,'2024-01-15',2,0,0),(3443,6,43,'2024-01-15',2,0,0),(3444,6,30,'2024-01-15',2,0,0),(3445,6,45,'2024-01-15',2,1,30),(3446,6,46,'2024-01-15',2,1,20),(3447,6,47,'2024-01-15',2,1,16),(3448,6,48,'2024-01-15',2,0,0),(3449,6,49,'2024-01-15',2,0,0),(3450,6,30,'2024-01-15',2,0,0),(3451,6,51,'2024-01-15',2,0,0),(3452,6,52,'2024-01-15',2,1,16),(3453,6,53,'2024-01-15',2,0,0),(3454,6,54,'2024-01-15',2,0,0),(3455,6,55,'2024-01-15',2,0,0),(3456,6,56,'2024-01-15',2,1,30),(3457,6,57,'2024-01-15',2,1,30),(3458,6,58,'2024-01-15',2,1,20),(3459,6,59,'2024-01-15',2,1,20),(3460,6,60,'2024-01-15',2,0,0),(3461,6,61,'2024-01-15',2,1,4),(3462,6,62,'2024-01-15',2,1,2),(3463,6,63,'2024-01-15',2,1,2),(3464,6,64,'2024-01-15',2,1,12),(3465,6,65,'2024-01-15',2,0,0),(3466,6,66,'2024-01-15',2,0,0),(3467,6,67,'2024-01-15',2,1,20),(3468,6,68,'2024-01-15',2,1,12),(3469,6,69,'2024-01-15',2,1,12),(3470,6,70,'2024-01-15',2,0,0),(3471,6,71,'2024-01-15',2,0,0),(3472,6,72,'2024-01-15',2,0,0),(3473,6,73,'2024-01-15',2,0,0),(3474,6,74,'2024-01-15',2,0,0),(3475,6,75,'2024-01-15',2,0,0),(3476,6,76,'2024-01-15',2,1,3),(3477,6,77,'2024-01-15',2,1,20),(3478,6,78,'2024-01-15',2,1,30),(3479,6,79,'2024-01-15',2,0,0),(3480,6,80,'2024-01-15',2,1,20),(3481,6,81,'2024-01-15',2,1,20),(3482,6,82,'2024-01-15',2,1,30),(3483,6,83,'2024-01-15',2,1,14),(3484,6,84,'2024-01-15',2,0,0),(3485,6,85,'2024-01-15',2,0,0),(3486,6,86,'2024-01-15',2,1,14),(3487,6,87,'2024-01-15',2,0,0),(3488,6,88,'2024-01-15',2,0,0),(3489,6,89,'2024-01-15',2,1,30),(3490,6,90,'2024-01-15',2,1,30),(3491,6,91,'2024-01-15',2,1,20),(3492,6,92,'2024-01-15',2,1,20),(3493,6,93,'2024-01-15',2,1,20),(3494,6,94,'2024-01-15',2,0,0),(3495,6,95,'2024-01-15',2,1,2),(3496,6,96,'2024-01-15',2,1,20),(3497,6,97,'2024-01-15',2,1,13),(3498,6,98,'2024-01-15',2,0,0),(3499,6,99,'2024-01-15',2,1,20),(3500,6,100,'2024-01-15',2,1,20),(3501,6,1,'2024-01-15',1,1,20),(3502,6,2,'2024-01-15',1,0,0),(3503,6,3,'2024-01-15',1,1,18),(3504,6,4,'2024-01-15',1,1,18),(3505,6,5,'2024-01-15',1,1,20),(3506,6,6,'2024-01-15',1,1,13),(3507,6,7,'2024-01-15',1,0,0),(3508,6,8,'2024-01-15',1,0,0),(3509,6,9,'2024-01-15',1,0,0),(3510,6,10,'2024-01-15',1,0,0),(3511,6,11,'2024-01-15',1,1,18),(3512,6,12,'2024-01-15',1,1,18),(3513,6,13,'2024-01-15',1,1,20),(3514,6,14,'2024-01-15',1,1,20),(3515,6,15,'2024-01-15',1,1,20),(3516,6,16,'2024-01-15',1,0,0),(3517,6,17,'2024-01-15',1,1,20),(3518,6,18,'2024-01-15',1,0,0),(3519,6,19,'2024-01-15',1,1,4),(3520,6,30,'2024-01-15',1,1,12),(3521,6,21,'2024-01-15',1,1,18),(3522,6,22,'2024-01-15',1,0,0),(3523,6,23,'2024-01-15',1,1,18),(3524,6,24,'2024-01-15',1,1,18),(3525,6,25,'2024-01-15',1,1,20),(3526,6,26,'2024-01-15',1,1,20),(3527,6,27,'2024-01-15',1,1,18),(3528,6,28,'2024-01-15',1,1,20),(3529,6,29,'2024-01-15',1,1,20),(3530,6,30,'2024-01-15',1,1,18),(3531,6,31,'2024-01-15',1,1,20),(3532,6,32,'2024-01-15',1,0,0),(3533,6,33,'2024-01-15',1,1,16),(3534,6,34,'2024-01-15',1,1,20),(3535,6,35,'2024-01-15',1,1,20),(3536,6,36,'2024-01-15',1,1,18),(3537,6,37,'2024-01-15',1,1,17),(3538,6,38,'2024-01-15',1,0,0),(3539,6,39,'2024-01-15',1,1,20),(3540,6,30,'2024-01-15',1,1,20),(3541,6,41,'2024-01-15',1,1,20),(3542,6,42,'2024-01-15',1,0,0),(3543,6,43,'2024-01-15',1,0,0),(3544,6,30,'2024-01-15',1,0,0),(3545,6,45,'2024-01-15',1,1,18),(3546,6,46,'2024-01-15',1,1,20),(3547,6,47,'2024-01-15',1,1,16),(3548,6,48,'2024-01-15',1,0,0),(3549,6,49,'2024-01-15',1,0,0),(3550,6,30,'2024-01-15',1,0,0),(3551,6,51,'2024-01-15',1,0,0),(3552,6,52,'2024-01-15',1,1,16),(3553,6,53,'2024-01-15',1,0,0),(3554,6,54,'2024-01-15',1,0,0),(3555,6,55,'2024-01-15',1,0,0),(3556,6,56,'2024-01-15',1,1,18),(3557,6,57,'2024-01-15',1,1,18),(3558,6,58,'2024-01-15',1,1,20),(3559,6,59,'2024-01-15',1,1,20),(3560,6,60,'2024-01-15',1,0,0),(3561,6,61,'2024-01-15',1,1,4),(3562,6,62,'2024-01-15',1,1,2),(3563,6,63,'2024-01-15',1,1,2),(3564,6,64,'2024-01-15',1,1,12),(3565,6,65,'2024-01-15',1,0,0),(3566,6,66,'2024-01-15',1,0,0),(3567,6,67,'2024-01-15',1,1,20),(3568,6,68,'2024-01-15',1,1,12),(3569,6,69,'2024-01-15',1,1,12),(3570,6,70,'2024-01-15',1,0,0),(3571,6,71,'2024-01-15',1,0,0),(3572,6,72,'2024-01-15',1,0,0),(3573,6,73,'2024-01-15',1,0,0),(3574,6,74,'2024-01-15',1,0,0),(3575,6,75,'2024-01-15',1,0,0),(3576,6,76,'2024-01-15',1,1,3),(3577,6,77,'2024-01-15',1,1,20),(3578,6,78,'2024-01-15',1,1,18),(3579,6,79,'2024-01-15',1,0,0),(3580,6,80,'2024-01-15',1,1,20),(3581,6,81,'2024-01-15',1,1,20),(3582,6,82,'2024-01-15',1,1,18),(3583,6,83,'2024-01-15',1,1,14),(3584,6,84,'2024-01-15',1,0,0),(3585,6,85,'2024-01-15',1,0,0),(3586,6,86,'2024-01-15',1,1,14),(3587,6,87,'2024-01-15',1,0,0),(3588,6,88,'2024-01-15',1,0,0),(3589,6,89,'2024-01-15',1,1,18),(3590,6,90,'2024-01-15',1,1,18),(3591,6,91,'2024-01-15',1,1,20),(3592,6,92,'2024-01-15',1,1,20),(3593,6,93,'2024-01-15',1,1,20),(3594,6,94,'2024-01-15',1,0,0),(3595,6,95,'2024-01-15',1,1,2),(3596,6,96,'2024-01-15',1,1,20),(3597,6,97,'2024-01-15',1,1,13),(3598,6,98,'2024-01-15',1,0,0),(3599,6,99,'2024-01-15',1,1,20),(3600,6,100,'2024-01-15',1,1,20);
/*!40000 ALTER TABLE `exam_result` ENABLE KEYS */;
UNLOCK TABLES;

--
-- Table structure for table `student_master`
--

DROP TABLE IF EXISTS `student_master`;
/*!40101 SET @saved_cs_client     = @@character_set_client */;
/*!50503 SET character_set_client = utf8mb4 */;
CREATE TABLE `student_master` (
  `sid` int NOT NULL AUTO_INCREMENT,
  `fname` varchar(20) NOT NULL,
  `lname` varchar(20) NOT NULL,
  `gender` char(1) NOT NULL,
  `dob` date NOT NULL,
  `bgroup` char(3) NOT NULL,
  `email` varchar(25) DEFAULT NULL,
  `address` text,
  `contact` char(10) NOT NULL,
  PRIMARY KEY (`sid`),
  CONSTRAINT `student_master_chk_1` CHECK ((`bgroup` in (_utf8mb4'A+',_utf8mb4'B+',_utf8mb4'A-',_utf8mb4'B-',_utf8mb4'AB+',_utf8mb4'AB-',_utf8mb4'O-',_utf8mb4'O+'))),
  CONSTRAINT `student_master_chk_2` CHECK ((`gender` in (_utf8mb4'm',_utf8mb4'f')))
) ENGINE=InnoDB AUTO_INCREMENT=111 DEFAULT CHARSET=utf8mb4 COLLATE=utf8mb4_0900_ai_ci;
/*!40101 SET character_set_client = @saved_cs_client */;

--
-- Dumping data for table `student_master`
--

LOCK TABLES `student_master` WRITE;
/*!40000 ALTER TABLE `student_master` DISABLE KEYS */;
INSERT INTO `student_master` VALUES (1,'yashvi','ghetiya','f','2001-05-09','A+','yashvi@gmail.com','Rajkot','5637548354'),(2,'yash','ghetiya','m','2001-06-09','AB+','yash@gmail.com','Rajkot','565548354'),(3,'mihir','rajpopat','m','1999-03-02','O+','mihir@gmai.com','surat','3558364838'),(4,'yashvini','verma','f','2001-06-01','A-','yashvini@gmail.com','patan','4536787898'),(5,'mihiri','popat','f','1999-07-02','O-','mihiri@gmai.com','surat','1234567890'),(6,'roshan','kumar','m','1998-04-02','O-','roshan@gmail.com','pobandar','0987654321'),(7,'yashla','ghetiya','m','2001-06-09','AB+','yash@gmail.com','Rajkot','0987890564'),(8,'mihirani','rajpopat','m','1999-03-02','O+','mihirani@gmai.com','surat','5647389675'),(9,'yashvini','sharma','f','2001-06-01','A-','yashvini@gmail.com','patan','9807656475'),(10,'komal','popat','f','1999-07-02','O-','komal@gmai.com','surat','0987678905'),(11,'roshani','kumar','f','1998-04-02','O-','roshani@gmail.com','pobandar','1234565432'),(12,'rajesh','ghetiya','m','2001-06-09','AB+','yash@gmail.com','Rajkot','1234879605'),(13,'mahir','rajpopat','f','1999-03-02','O+','mahir@gmai.com','surat','5647890675'),(14,'yashvini','verma','f','2001-06-01','B+','yashvini@gmail.com','patan','6758789690'),(15,'riya','popat','f','1999-07-02','O-','riya@gmai.com','surat','5678892415'),(16,'kumari','kumar','f','1998-04-02','O-','kumari@gmail.com','pobandar','6785940231'),(17,'yashlani','ghetiya','m','2001-06-09','AB+','yashlani@gmail.com','Rajkot','5647890453'),(18,'maya','rajpopat','f','1999-03-02','O+','maya@gmai.com','surat','7869909898'),(19,'riya','sharma','f','2001-06-01','A-','riya@gmail.com','patan','0989089087'),(20,'sunam','popat','f','1999-07-02','B-','sunam@gmai.com','surat','0956473856'),(21,'shikha','kumar','f','1998-04-02','O-','shikha@gmail.com','pobandar','8798678945'),(22,'rajesh','malik','m','2001-06-09','AB+','yash@gmail.com','Rajkot','4567893456'),(23,'mahir','ghelani','f','1999-03-02','O+','mahir@gmai.com','surat','7689045634'),(24,'yashvini','moradiya','f','2001-06-01','B+','yashvini@gmail.com','patan','7890678905'),(25,'riya','malik','f','1999-07-02','O-','riya@gmai.com','surat','3456789023'),(26,'kumari','rajpopat','f','1998-04-02','O-','kumari@gmail.com','pobandar','6574564564'),(27,'yashlani','ghelani','m','2001-06-09','AB+','yashlani@gmail.com','Rajkot','7890989076'),(28,'maya','vachhani','f','1999-03-02','O+','maya@gmai.com','surat','5678904565'),(29,'riya','kumari','f','2001-06-01','A-','riya@gmail.com','patan','0989089087'),(30,'sunam','malik','f','1999-07-02','B-','sunam@gmai.com','surat','0957473856'),(31,'shikha','popat','f','1998-04-02','O-','shikha@gmail.com','pobandar','8792678945'),(32,'rajesh','bhide','m','2001-06-09','AB+','yash@gmail.com','Rajkot','4565893456'),(33,'mahir','vora','f','1999-03-02','O+','mahir@gmai.com','surat','7689045784'),(34,'yashvini','gada','f','2001-06-01','B+','yashvini@gmail.com','patan','7890678455'),(35,'riya','tarpara','f','1999-07-02','O-','riya@gmai.com','surat','3676789023'),(36,'kumari','pathan','f','1998-04-02','O-','kumari@gmail.com','pobandar','6577864564'),(37,'yashlani','mehta','m','2001-06-09','AB+','yashlani@gmail.com','Rajkot','7896789076'),(38,'maya','raina','f','1999-03-02','O+','maya@gmai.com','surat','5678944565'),(39,'riya','dhoni','f','2001-06-01','A-','riya@gmail.com','patan','0989078087'),(40,'sunam','kumari','f','1999-07-02','B-','sunam@gmai.com','surat','0957473676'),(41,'shikha','sherma','f','1998-04-02','O-','shikha@gmail.com','pobandar','8492678945'),(42,'rajesh','chauhan','m','2001-06-09','AB+','yash@gmail.com','Rajkot','4568893456'),(43,'mahir','bhalodiya','f','1999-03-02','O+','mahir@gmai.com','surat','7689795784'),(44,'yashvini','kansagara','f','2001-06-01','B+','yashvini@gmail.com','patan','3490678455'),(45,'riya','shinde','f','1999-07-02','O-','riya@gmai.com','surat','7876789023'),(46,'kumari','kalol','f','1998-04-02','O-','kumari@gmail.com','pobandar','9077864564'),(47,'yashlani','ghediya','m','2001-06-09','AB+','yashlani@gmail.com','Rajkot','9096789076'),(48,'maya','kansagara','f','1999-03-02','O+','maya@gmai.com','surat','9078944565'),(49,'riya','kholi','f','2001-06-01','A-','riya@gmail.com','patan','4589078087'),(50,'sunam','penty','f','1999-07-02','B-','sunam@gmai.com','surat','0957479076'),(51,'shikha','rao','f','1998-04-02','O-','shikha@gmail.com','pobandar','8493478945'),(52,'rajesh','rao','m','2001-06-09','AB+','yash@gmail.com','Rajkot','4568893416'),(53,'mahir','abara','f','1999-03-02','O+','mahir@gmai.com','surat','7789795784'),(54,'yashvini','flammia','f','2001-06-01','B+','yashvini@gmail.com','patan','3490123455'),(55,'riya','haku','f','1999-07-02','O-','riya@gmai.com','surat','7876789673'),(56,'kumari','haku','f','1998-04-02','O-','kumari@gmail.com','pobandar','9077864578'),(57,'yashlani','harper','m','2001-06-09','AB+','yashlani@gmail.com','Rajkot','9496789076'),(58,'maya','harper','f','1999-03-02','O+','maya@gmai.com','surat','9078694565'),(59,'riya','rao','f','2001-06-01','A-','riya@gmail.com','patan','4589072387'),(60,'sunam','haku','f','1999-07-02','B-','sunam@gmai.com','surat','0957474566'),(61,'shikha','abara','f','1998-04-02','O-','shikha@gmail.com','pobandar','8494598945'),(62,'rajesh','lockwood','m','2001-06-09','AB+','yash@gmail.com','Rajkot','4568893416'),(63,'mahir','lockwood','f','1999-03-02','O+','mahir@gmai.com','surat','7789795784'),(64,'yashvini','lockwood','f','2001-06-01','B+','yashvini@gmail.com','patan','3490123455'),(65,'riya','holloway','f','1999-07-02','A-','riya@gmai.com','surat','7876789673'),(66,'kumari','holloway','f','1998-04-02','O-','kumari@gmail.com','pobandar','9077864578'),(67,'yashlani','holloway','m','2001-06-09','A+','yashlani@gmail.com','Rajkot','9496789076'),(68,'maya','stirling','f','1999-03-02','O+','maya@gmai.com','surat','9078694565'),(69,'riya','stirling','f','2001-06-01','AB-','riya@gmail.com','patan','4589072387'),(70,'sunam','everhart','f','1999-07-02','B-','sunam@gmai.com','surat','0957474566'),(71,'shikha','everhart','f','1998-04-02','O-','shikha@gmail.com','pobandar','8494598945'),(72,'rajesh','jones','m','2001-06-09','AB+','yash@gmail.com','Rajkot','4583489341'),(73,'mahir','jones','f','1999-03-02','O+','mahir@gmai.com','surat','7789796784'),(74,'yashvini','jones','f','2001-06-01','B+','yashvini@gmail.com','patan','2490123455'),(75,'riya','williams','f','1999-07-02','A-','riya@gmai.com','surat','7876784573'),(76,'kumari','williams','f','1998-04-02','O-','kumari@gmail.com','pobandar','4587864578'),(77,'yashlani','brown','m','2001-06-09','A+','yashlani@gmail.com','Rajkot','8796789076'),(78,'maya','brown','f','1999-03-02','O+','maya@gmai.com','surat','9078694345'),(79,'riya','brown','f','2001-06-01','AB-','riya@gmail.com','patan','4589078687'),(80,'sunam','davis','f','1999-07-02','B-','sunam@gmai.com','surat','0957490866'),(81,'shikha','davis','f','1998-04-02','O-','shikha@gmail.com','pobandar','0984598945'),(82,'rajesh','villin','m','2001-06-09','AB+','yash@gmail.com','Rajkot','4583489341'),(83,'mahir','villin','f','1999-03-02','O+','mahir@gmai.com','surat','7789796784'),(84,'yashvini','villin','f','2001-06-01','B+','yashvini@gmail.com','patan','2490123455'),(85,'riya','relish','f','1999-07-02','A-','riya@gmai.com','surat','7876784573'),(86,'kumari','relish','f','1998-04-02','O-','kumari@gmail.com','pobandar','4587864578'),(87,'yashlani','sallow','m','2001-06-09','A+','yashlani@gmail.com','Rajkot','8796789076'),(88,'maya','salllow','f','1999-03-02','O+','maya@gmai.com','surat','9078694345'),(89,'riya','sallow','f','2001-06-01','AB-','riya@gmail.com','patan','4589078687'),(90,'sunam','sallow','f','1999-07-02','B-','sunam@gmai.com','surat','0957490866'),(91,'shikha','sallow','f','1998-04-02','O-','shikha@gmail.com','pobandar','0984598945'),(92,'rajesh','fernsby','m','2001-06-09','AB+','yash@gmail.com','Rajkot','5647893452'),(93,'mahir','fernsby','f','1999-03-02','O+','mahir@gmai.com','surat','7789796773'),(94,'yashvini','fernsby','f','2001-06-01','B+','yashvini@gmail.com','patan','7890123455'),(95,'riya','loughty','f','1999-07-02','A-','riya@gmai.com','surat','7876123573'),(96,'kumari','loughty','f','1998-04-02','O-','kumari@gmail.com','pobandar','7577864578'),(97,'yashlani','loughty','m','2001-06-09','A+','yashlani@gmail.com','Rajkot','8946789076'),(98,'maya','loughty','f','1999-03-02','O+','maya@gmai.com','surat','9078694567'),(99,'riya','miracle','f','2001-06-01','AB-','riya@gmail.com','patan','4589009887'),(100,'sunam','miracle','f','1999-07-02','B-','sunam@gmai.com','surat','0957423166'),(101,'shikha','miracle','f','1998-04-02','O-','shikha@gmail.com','pobandar','8794598945'),(110,'asa','ajsnaj','M','0199-02-02','b-','yas@gmailc.cx','sds','1234567890');
/*!40000 ALTER TABLE `student_master` ENABLE KEYS */;
UNLOCK TABLES;

--
-- Table structure for table `subject_master`
--

DROP TABLE IF EXISTS `subject_master`;
/*!40101 SET @saved_cs_client     = @@character_set_client */;
/*!50503 SET character_set_client = utf8mb4 */;
CREATE TABLE `subject_master` (
  `subid` int NOT NULL AUTO_INCREMENT,
  `subname` varchar(20) NOT NULL,
  `facultyName` varchar(20) NOT NULL,
  PRIMARY KEY (`subid`),
  UNIQUE KEY `subname` (`subname`)
) ENGINE=InnoDB AUTO_INCREMENT=7 DEFAULT CHARSET=utf8mb4 COLLATE=utf8mb4_0900_ai_ci;
/*!40101 SET character_set_client = @saved_cs_client */;

--
-- Dumping data for table `subject_master`
--

LOCK TABLES `subject_master` WRITE;
/*!40000 ALTER TABLE `subject_master` DISABLE KEYS */;
INSERT INTO `subject_master` VALUES (1,'c++','minal'),(2,'java','komal'),(3,'python','rohan'),(4,'php','riya'),(5,'node','rajesh'),(6,'blockchain','shila');
/*!40000 ALTER TABLE `subject_master` ENABLE KEYS */;
UNLOCK TABLES;
/*!40103 SET TIME_ZONE=@OLD_TIME_ZONE */;

/*!40101 SET SQL_MODE=@OLD_SQL_MODE */;
/*!40014 SET FOREIGN_KEY_CHECKS=@OLD_FOREIGN_KEY_CHECKS */;
/*!40014 SET UNIQUE_CHECKS=@OLD_UNIQUE_CHECKS */;
/*!40101 SET CHARACTER_SET_CLIENT=@OLD_CHARACTER_SET_CLIENT */;
/*!40101 SET CHARACTER_SET_RESULTS=@OLD_CHARACTER_SET_RESULTS */;
/*!40101 SET COLLATION_CONNECTION=@OLD_COLLATION_CONNECTION */;
/*!40111 SET SQL_NOTES=@OLD_SQL_NOTES */;

-- Dump completed on 2024-02-28 16:26:02
